l_spanish:
# l_spanish:
# l_german:
# l_french:
# l_russian:
# l_simp_chinese:
# l_korean:

 holy_site_mx_ciudad_mexico_site_name:0 "Mexico City"
 holy_site_mx_heroica_veracruz_site_name:0 "Veracruz"
 holy_site_boston_name:0 "Boston"
 holy_site_providence_name:0 "Providence"
 holy_site_manhattan_name:0 "Manhattan"
 holy_site_plymouth_name:0 "Plymouth Rock"
 holy_site_albany_name:0 "Albany"
 holy_site_washington_tower_name:0 "Washington Tower"
 holy_site_rochester_name:0 "Rochester"
 holy_site_seneca_name:0 "Seneca"
 holy_site_bangor_name:0 "Bangor"
 holy_site_nantucket_name:0 "Nantucket"
 holy_site_newport_name:0 "Newport"
 holy_site_great_north_woods_name:0 "Great North Woods"
 holy_site_aroostook_name:0 "Aroostook"
 holy_site_montpelier_name:0 "Montpelier"
 holy_site_moncton_name:0 "Moncton"
 holy_site_sleepy_hollow_name:0 "Sleepy Hollow"
 holy_site_salem_name:0 "Salem"
 holy_site_augusta_name:0 "Augusta"
 holy_site_cap_diamant_gothic_name:0 "Quebec City"
 holy_site_bird_rock_name:0 "Rochers aux Oiseaux"
 holy_site_washington_name:0 "Washington, DC"
 holy_site_washington_exo_name:0 "Washington"
 holy_site_philadelphia_name:0 "Philadelphia"
 holy_site_mt_rushmore_name:0 "Mount Rushmore"
 holy_site_lengeschder_name:0 "Lengeschder"
 holy_site_lechaa_name:0 "Lechaa"
 holy_site_mississauga_name:0 "Mississauga"
 holy_site_yohogania_name:0 "Yohogania"
 holy_site_havana_name:0 "Havana"
 holy_site_santa_ifigenia_name:0 "Santa Ifigenia"
 holy_site_santo_domingo_name:0 "Santo Domingo"
 holy_site_miami_name:0 "Miami"
 holy_site_san_juan_name:0 "San Juan"
 holy_site_port_au_prince_name:0 "Port au Prince"
 holy_site_new_orleans_name:0 "New Orleans"
 holy_site_martinique_name:0 "Martinique"
 holy_site_la_gonave_name:0 "La Gonave"
 holy_site_kingston_name:0 "Kingston"
 holy_site_barbados_name:0 "Barbados"
 holy_site_nassau_name:0 "Nassau"
 holy_site_palm_beach_name:0 "Palm Beach"
 holy_site_monmouth_name:0 "Monmouth"
 holy_site_paramaribo_name:0 "Paramaribo"
 holy_site_port_of_spain_name:0 "Port of Spain"
 holy_site_st_kitts_name:0 "Saint Kitts"
 holy_site_cayman_name:0 "The Caymans"
 holy_site_tortuga_name:0 "Tortuga"
 holy_site_port_royal_jamaica_name:0 "Port Royal"
 holy_site_brooklyn_name:0 "Brooklyn"
 holy_site_charleston_jewish_name:0 "Charleston"
 holy_site_montreal_name:0 "Montreal"
 holy_site_cap_diamant_name:0 "Cap Diamant"
 holy_site_cap_diamant_veiled_name:0 "Cap Diamant"
 holy_site_lakeshore_detroit_name:0 "$holy_site_detroit_name$"
 holy_site_detroit_name:0 "Detroit"
 holy_site_sleeping_giant_name:0 "The Sleeping Giant"
 holy_site_sault_ontario_name:0 "Sault Ste. Marie"
 holy_site_new_orleans_ursuline_name:0 "Academy of New Orleans"
 holy_site_ottawa_name:0 "Ottawa"
 holy_site_toronto_name:0 "Toronto"
 holy_site_sherbrooke_name:0 "Sherbrooke"
 holy_site_baie_comeau_name:0 "Baie-Comeau"
 holy_site_brantford_name:0 "Brantford"
 holy_site_halifax_name:0 "Halifax"
 holy_site_st_johns_nf_name:0 "St. Johns"
 holy_site_forillon_name:0 "Forillon"
 holy_site_fundy_name:0 "Fundy"
 holy_site_nantucket_name:0 "Nantucket"
 holy_site_kitchener_sikh_name:0 "Buckam Singh's Grave"
 holy_site_calgary_sikh_name:0 "Calgary"
 holy_site_winnipeg_name:0 "Winnipeg"
 holy_site_batoche_name:0 "Batoche"
 holy_site_regina_name:0 "Regina"
 holy_site_lac_ste_anne_name:0 "Lac Ste.Anne"
 holy_site_mandaree_name:0 "Mandaree"
 holy_site_manitoulin_name:0 "Manitoulin"
 holy_site_bogota_name:0 "Bogota"
 holy_site_quito_name:0 "Quito"
 holy_site_panama_name:0 "Panama"
 holy_site_cucuta_name:0 "Cucuta"
 holy_site_maracaibo_name:0 "Maracaibo"
 holy_site_iglulik_name:0 "Pingiakalik"
 holy_site_resolute_name:0 "Resolute"
 holy_site_barrow_name:0 "Utqiagvik"
 holy_site_nuuk_name:0 "Nuuk"
 holy_site_kuujjuarapik_name:0 "Kuujjuarapik"
 holy_site_iqaluit_name:0 "Iqaluit"
 holy_site_inuvik_name:0 "Inuvik"
 holy_site_sanikiluaq_name:0 "Sanikiluaq"
 holy_site_fairbanks_name:0 "Fairbanks"
 holy_site_whitehorse_name:0 "Whitehorse"
 holy_site_dawson_city_name:0 "Dawson City"
 holy_site_juneau_name:0 "Juneau"
 holy_site_yellowknife_name:0 "Yellowknife"
 holy_site_comanche_name:0 "Comanche"
 holy_site_saskatoon_name:0 "Saskatoon"
 holy_site_osage_name:0 "Osage"
 holy_site_fort_berthold_name:0 "Fort Berthold"
 holy_site_black_hills_name:0 "Black Hills"
 holy_site_sitka_name:0 "Sitka"
 holy_site_kodiak_name:0 "Kodiak"
 holy_site_unalaska_name:0 "Unalaska"
 holy_site_seattle_name:0 "Seattle"
 holy_site_kiis_gwaii_name:0 "Kiis Gwaii"
 holy_site_vancouver_name:0 "Vancouver"
 holy_site_ketchikan_name:0 "Ketchikan"
 holy_site_yakama_name:0 "Yakama"
 holy_site_yuba_city_name:0 "Yuba City"
 holy_site_huancayo_name:0 "Huancayo"
 holy_site_arequipa_name:0 "Arequipa"
 holy_site_chanchamayo_name:0 "Chanchamayo"
 holy_site_iquitosa_name:0 "Iquitos"
 holy_site_oruro_name:0 "Oruro"
 holy_site_puno_name:0 "Puno"
 holy_site_cochabamba_name:0 "Cochabamba"
 holy_site_la_tirana_name:0 "La Tirana"
 holy_site_yunguyo_name:0 "Yunguyo"
 holy_site_nazca_name:0 "Nazca"
 holy_site_chacaltaya_name:0 "Chacaltaya"
 holy_site_atacama_giant_name:0 "Atacama Giant"
 holy_site_elqui_name:0 "Elqui"
 holy_site_chilca_name:0 "Chilca"
 holy_site_cusco_name:0 "Cusco"
 holy_site_machu_picchu_name:0 "Machu Picchu"
 holy_site_tiwanaku_name:0 "Tiwanaku"
 holy_site_potosi_name:0 "Potosi"
 holy_site_iquitos_name:0 "Iquitos"
 holy_site_saint_louis_ca_name:0 "Cathedral-Basilica of Saint Louis"
 holy_site_saint_louis_veiled_name:0 "Cathedral-Basilica of Saint Louis"
 holy_site_washington_ca_name:0 "National Cathedral"
 holy_site_washington_veiled_name:0 "National Cathedral"
 holy_site_saint_paul_name:0 "St. Paul"
 holy_site_redemption_name:0 "Grotto of the Redemption"
 holy_site_mammoth_cave_name:0 "Mammoth Cave"
 holy_site_charleston_name:0 "Charleston"
 holy_site_avery_island_name:0 "Avery Island"
 holy_site_saint_louis_name:0 "Saint Louis"
 holy_site_oyotunji_name:0 "Oyotunji"
 holy_site_chicago_name:0 "Chicago"
 holy_site_peoria_name:0 "Peoria"
 holy_site_villarrica_name:0 "Villarrica"
 holy_site_arauco_name:0 "Arauco"
 holy_site_neuquen_name:0 "Neuquén"
 holy_site_chiloe_name:0 "Chiloé"
 holy_site_talca_name:0 "Talca"
 holy_site_charlotte_name:0 "Charlotte"
 holy_site_lynchburg_name:0 "Lynchburg"
 holy_site_savannah_name:0 "Savannah"
 holy_site_asheville_name:0 "Asheville"
 holy_site_louisville_name:0 "Louisville"
 holy_site_pittsburgh_name:0 "Pittsburgh"
 holy_site_cleveland_name:0 "Cleveland"
 holy_site_kitchener_name:0 "Kitchener"
 holy_site_thunder_bay_name:0 "Thunder Bay"
 holy_site_minneapolis_name:0 "Minneapolis"
 holy_site_kensington_name:0 "Kensington"
 holy_site_green_bay_name:0 "Green Bay"
 holy_site_mackinac_name:0 "Mackinac"
 holy_site_cuyahoga_name:0 "Cuyahoga"
 holy_site_niagara_name:0 "Niagara"
 holy_site_green_river_name:0 "Green River"
 holy_site_aurora_name:0 "Aurora"
 holy_site_roswell_name:0 "Roswell"
 holy_site_area_name:0 "Area Fifty-One"
 holy_site_mt_rainier_name:0 "Mt. Rainier"
 holy_site_salt_lake_city_name:0 "Salt Lake City"
 holy_site_san_diego_name:0 "San Diego"
 holy_site_temple_lot_name:0 "Temple Lot"
 holy_site_zion_name:0 "Zion"
 holy_site_st_george_name:0 "St. George"
 holy_site_kings_peak_name:0 "King's Peak"
 holy_site_nauvoo_name:0 "Nauvoo"
 holy_site_denver_name:0 "Denver"
 holy_site_sacramento_name:0 "Sacramento"
 holy_site_san_francisco_name:0 "San Francisco"
 holy_site_los_angeles_name:0 "Los Angeles"
 holy_site_los_angeles_jewish_name:0 "Los Angeles"
 holy_site_las_vegas_name:0 "Las Vegas"
 holy_site_yellowstone_name:0 "Yellowstone"
 holy_site_berkeley_name:0 "Berkeley"
 holy_site_grand_canyon_name:0 "Grand Canyon"
 holy_site_crater_name:0 "Crater Lake"
 holy_site_victoria_name:0 "Victoria"
 holy_site_siskiyou_name:0 "Redwoods"
 holy_site_santa_rosa_name:0 "Santa Rosa"
 holy_site_reno_name:0 "Reno"
 holy_site_los_alamos_name:0 "Los Alamos"
 holy_site_white_sands_name:0 "White Sands"
 holy_site_oceanside_name:0 "Oceanside"
 holy_site_idaho_falls_name:0 "Idaho Falls"
 holy_site_los_alamos_atomicist_name:0 "Los Alamos"
 holy_site_white_sands_atomicist_name:0 "White Sands"
 holy_site_oceanside_atomicist_name:0 "Oceanside"
 holy_site_idaho_falls_atomicist_name:0 "Idaho Falls"
 holy_site_orlando_name:0 "Orlando"
 holy_site_kennedy_space_center_name:0 "Kennedy Space Center"
 holy_site_johnson_space_center_name:0 "Johnson Space Center"
 holy_site_hollywood_name:0 "Hollywood"
 holy_site_atlanta_name:0 "Atlanta"
 holy_site_ayacucho_name:0 "Ayacucho"
 holy_site_piura_name:0 "Piura"
 holy_site_chupaca_name:0 "Chupaca"
 holy_site_moyobamba_name:0 "Moyobamba"
 holy_site_pucallpa_name:0 "Pucallpa"
 holy_site_cajamarca_name:0 "Cajamarca"
 holy_site_panama_cityname:0 "Panama City"
 holy_site_eliot_name:0 "Eliot"
 holy_site_agua_azul_name:0 "Agua Azul"
 holy_site_san_jose_name:0 "San José"
 holy_site_ukiah_name:0 "Ukiah"
 holy_site_sao_paulo_name:0 "São Paulo"
 holy_site_lakewood_name:0 "Lakewood"
 holy_site_chimayo_name:0 "El Santuario de Chimayo"
 holy_site_john_day_name:0 "The John Day Fossil Beds"
 holy_site_aberdeen_name:0 "The Craters of The Moon"
 holy_site_franklin_name:0 "The Scablands"
 holy_site_the_alamo_name:0 "The Alamo"
 holy_site_new_orleans_americanist_name:0 "New Orleans"
 holy_site_san_juan_hill_name:0 "San Juan Hill"
 holy_site_lexington_concord_name:0 "Lexington and Concord"
 holy_site_west_point_name:0 "West Point"
 holy_site_abilene_ks_name:0 "Abilene"
 holy_site_kirtland_name:0 "Kirtland"
 holy_site_cumorah_name:0 "Cumorah"
 holy_site_montefiore_name:0 "Montefiore"
 holy_site_pico_robertson_name:0 "Pico-Robertson"
 holy_site_beverly_hills_name:0 "Beverly Hills"
 holy_site_managua_name:0 "Managua"
 holy_site_bluefields_name:0 "Bluefields"
 holy_site_chichen_itza_name:0 "Chichén Itzá"
 holy_site_palenque_name:0 "Palenque"
 holy_site_copan_name:0 "Copan"
 holy_site_tikal_name:0 "Tikal"
 holy_site_monte_alban_name:0 "Monte Alban"
 holy_site_san_salvador_name:0 "San Salvador"
 holy_site_valladolid_name:0 "Valladolid"
 holy_site_esquipulas_name:0 "Esquipulas"
 holy_site_cartago_name:0 "Cartago"
 holy_site_taos_name:0 "Taos"
 holy_site_krum_biti_name:0 "Krum Biti"
 holy_site_penonome_name:0 "Penonome"
 holy_site_silver_valley_name:0 "Silver Valley"
 holy_site_cripple_creek_name:0 "Cripple Creek"
 holy_site_old_territorial_prison_name:0 "Old Territorial Prison"
 holy_site_promontory_summit_name:0 "Promontory Summit"
 holy_site_astoria_name:0 "Astoria"
 holy_site_deadwood_name:0 "Deadwood"
 holy_site_cody_name:0 "Cody"
 holy_site_colorado_springs_name:0 "Colorado Springs"
 holy_site_oklahoma_city_name:0 "Oklahoma City"
 holy_site_dodge_name:0 "Dodge"
 holy_site_mount_elbert_name:0 "Mount Elbert"
 holy_site_gateway_arch_name:0 "Saint Louis"
 holy_site_drayton_valley_name:0 "Drayton Valley"
 holy_site_long_lake_name:0 "Long Lake"
 holy_site_lloydminster_name:0 "Lloydminster"
 holy_site_swift_current_name:0 "Swift Current"
 holy_site_hardisty_name:0 "Hardisty"
 holy_site_williston_name:0 "Williston"
 holy_site_parshall_name:0 "Parshall"
 holy_site_cushing_name:0 "Cushing"
 holy_site_alcova_name:0 "Alcova"
 holy_site_glenrock_name:0 "Glenrock"
 holy_site_drakes_well_name:0 "Drake's Well"
 holy_site_charlottetown_name:0 "Charlottetown"
 holy_site_syracuse_name:0 "Syracuse"
 holy_site_cincinnati_name:0 "Cincinnati"
 holy_site_logan_name:0 "Blair Mountain"
 holy_site_harlan_name:0 "Harlan"
 holy_site_milwaukee_name:0 "Milwaukee"
 holy_site_grand_forks_name:0 "Grand Forks"
 holy_site_new_denver_name:0 "New Denver"
 holy_site_yorkton_name:0 "Yorkton"
 holy_site_filadelfia_name:0 "Filadelfia"
 holy_site_mt_st_helens_name:0 "Mt. St. Helens"
 holy_site_montrose_name:0 "Montrose"
 holy_site_augusta_ga_name:0 "Augusta"
 holy_site_celilo_falls_name:0 "Celilo Falls"

 #Script-generated names for SA Holy Sites
 holy_site_florianopolis_name:0 "Florianópolis"
 holy_site_pirenopolis_name:0 "Pirenópols"
 holy_site_palhoca_name:0 "Palhoça"
 holy_site_sao_joao_del_rei_name:0 "São João del-Rei"
 holy_site_cacapava_do_sul_name:0 "Caçapava do Sul"
 holy_site_sao_vicente_name:0 "São Vicente"
 holy_site_cachoeiro_de_itapemirim_name:0 "Reritiba"
 holy_site_jau_name:0 "Jaú"
 holy_site_aparecida_name:0 "Aparecida"
 holy_site_rio_de_janeiro_name:0 "Rio de Janeiro"
 holy_site_salvador_name:0 "Salvador"
 holy_site_mariana_name:0 "Mariana"
 holy_site_ouro_preto_name:0 "Ouro Preto"
 holy_site_aracuai_name:0 "Araçuaí"
 holy_site_catalao_name:0 "Catalão"
 holy_site_arinos_name:0 "Chapada Gaúcha"
 holy_site_patrocinio_name:0 "Serra do Salitre"
 holy_site_serro_name:0 "Serro"
 holy_site_belmonte_name:0 "Belmonte"
 holy_site_paraty_name:0 "Paraty"
 holy_site_manaus_name:0 "Manaus"
 holy_site_uberlandia_name:0 "Uberlândia"
 holy_site_brasilia_name:0 "Brasília"
 holy_site_belo_horizonte_name:0 "Belo Horizonte"
 holy_site_palmas_name:0 "Palmas"
 holy_site_niteroi_name:0 "Niterói"
 holy_site_pirapora_name:0 "Pirapora"
 holy_site_januaria_name:0 "Januária"
 holy_site_porto_seguro_name:0 "Porto Seguro"
 holy_site_santo_amaro_da_purificacao_name:0 "Santo Amaro da Purificação"
 holy_site_sao_tome_das_letras_name:0 "São Tomé das Letras"
 holy_site_capivari_name:0 "Capivari"
 holy_site_juazeiro_do_norte_name:0 "Juazeiro do Norte"
 holy_site_coruripe_name:0 "Cruz do Bispo Sardinha"
 holy_site_joao_pessoa_name:0 "João Pessoa"
 holy_site_bom_jesus_da_lapa_name:0 "Bom Jesus da Lapa"
 holy_site_campina_grande_name:0 "Campina Grande"
 holy_site_canudos_name:0 "Canudos"
 holy_site_recife_name:0 "Recife"
 holy_site_nova_trento_name:0 "Nova Trento"
 holy_site_irani_name:0 "Irani"
 holy_site_sao_miguel_das_missoes_name:0 "São Miguel das Missões"
 holy_site_santa_maria_name:0 "Santa Maria"
 holy_site_rolandia_name:0 "Rolândia"
 holy_site_sao_leopoldo_name:0 "São Leopoldo"
 holy_site_riogrande_effect_name:0 "Rio Grande"
 holy_site_palmas_de_monte_alto_name:0 "Palmas de Monte Alto"
 holy_site_caninde_name:0 "Canindé"
 holy_site_belem_name:0 "Belém"
 holy_site_belem_jewish_name:0 "Belém"
 holy_site_ji_parana_name:0 "Ji-Paraná"
 holy_site_santarem_name:0 "Santarém"
 holy_site_georgetown_name:0 "Georgetown"
 holy_site_resistencia_name:0 "Resistencia"
 holy_site_araxa_name:0 "Araxá"
 holy_site_caldas_novas_name:0 "Caldas Novas"
 holy_site_guarapiranga_name:0 "Guarapiranga"
 holy_site_solentiname_islands_name:0 "Solentiname Islands"
 holy_site_medellin_name:0 "Medellín"
 holy_site_montevideo_name:0 "Montevideo"
 holy_site_lima_name:0 "Lima"
 holy_site_asuncion_name:0 "Asuncion"
 holy_site_lujan_name:0 "Lujan"
 holy_site_mercedes_name:0 "Mercedes"
 holy_site_santiago_de_chile_name:0 "Santiago de Chile"
 holy_site_vallecito_name:0 "Vallecito"
 holy_site_rio_negro_name:0 "Río Negro"
 holy_site_villa_union_name:0 "Villa Unión"
 holy_site_cotoca_name:0 "Cotoca"
 holy_site_rio_branco_name:0 "Rio Branco"
 holy_site_eirunepe_name:0 "Eirunepe"
 holy_site_tarauaca_name:0 "Tarauacá"
 holy_site_cuiaba_name:0 "Cuiabá"
 holy_site_campo_grande_name:0 "Campo Grande"
 holy_site_mx_ciudad_mexico_name:0 "Ciudad de México"
 holy_site_veracruz_name:0 "Heroica Veracruz"
 holy_site_tijuana_name:0 "Tijuana"
 holy_site_monterrey_name:0 "Monterrey"
 holy_site_gt_esquipulas_name:0 "Esquipulas"
 holy_site_drayton_valley_soiltapper_name:0 "Drayton Valley"
 holy_site_long_lake_soiltapper_name:0 "Long Lake"
 holy_site_lloydminster_soiltapper_name:0 "Lloydminster"
 holy_site_swift_current_soiltapper_name:0 "Swift Current"
 holy_site_hardisty_soiltapper_name:0 "Hardisty"
 holy_site_williston_soiltapper_name:0 "Williston"
 holy_site_parshall_soiltapper_name:0 "Parshall"
 holy_site_cushing_soiltapper_name:0 "Cushing"
 holy_site_alcova_soiltapper_name:0 "Alcova"
 holy_site_glenrock_soiltapper_name:0 "Glenrock"
 holy_site_drakes_well_soiltapper_name:0 "Drakes Well"
 holy_site_leon_name:0 "León"
 holy_site_aguascalientes_name:0 "Aguascalientes"
 holy_site_port_radium_name:0 "Port Radium"
 holy_site_deline_name:0 "Deline"
 holy_site_orange_name:0 "Orange"
 holy_site_ensenada_name:0 "Ensenada"
 holy_site_santa_cruz_name:0 "Santa Cruz"
 holy_site_santa_barbara_name:0 "Santa Barbara"
 holy_site_malibu_name:0 "Malibu"
 holy_site_huntington_beach_name:0 "Huntington Beach"
 holy_site_surrey_name:0 "Xa:ytem"
 holy_site_kelowna_name:0 "Kelowna"
 holy_site_yoho_name:0 "Invermere"
 holy_site_garfield_name:0 "Hell Creek"
 holy_site_washoe_name:0 "Black Rock"
 holy_site_austin_name:0 "Austin"
 holy_site_shasta_name:0 "Mount Shasta"
 holy_site_cypress_hills_name:0 "Cypress Hills"
 holy_site_boulder_name:0 "Boulder"
 holy_site_drumheller_name: "Drumheller"
 holy_site_rio_arriba_name:0 "Ghost Ranch"
 holy_site_bermuda_name:0 "Bermuda"
 holy_site_aruba_name:0 "Aruba"
 holy_site_belize_name:0 "Belize"
 holy_site_yreka_name:0 "Yreka"
 holy_site_nisqually_name:0 "Nisqually"
 holy_site_portland_name:0 "Portland"
 holy_site_placer_name:0 "Placer"
 
 
 #conversion effects
 holy_site_belem_effects:0 "County Conversion Speed: #P +30%#!"
 holy_site_solentiname_islands_effects:0 "County Conversion Speed: #P +30%#!"
 holy_site_vallecito_effects:0 "County Conversion Speed: #P +30%#!"
 holy_site_albany_effects:0 "County Conversion Speed: #P +30%#!"
 holy_site_port_au_prince_effects:0 "County Conversion Speed: #P +30%#!"
 holy_site_washington_effects:0 "County Conversion Speed: #P +50%#!"
 holy_site_washington_exo_effects:0 "County Conversion Speed: #P +50%#!"
 holy_site_washington_ca_effects:0 "County Conversion Speed: #P +50%#!"
 holy_site_guayaquil_effects:0 "County Conversion Speed: #P +20%#!"
 holy_site_mx_ciudad_mexico_effects:0 "County Conversion Speed: #P +25%#!"
 holy_site_jackson_effects:0 "County Conversion Speed: #P +20%#!"
 holy_site_lamoni_effects:0 "County Conversion Speed: #P +20%#!"
 holy_site_the_ark_effects:0 "County Conversion Speed: #P +25%#!"

 holy_site_montpelier_effects:0 "County Conversion Resistance: #P +50%#!"
 holy_site_santo_domingo_effects:0 "County Conversion Resistance: #P +50%#!"
 holy_site_georgetown_effects:0 "County Conversion Resistance: #P +50%#!"
 holy_site_iguala_effects:0 "County Conversion Resistance: #P +50%#!"
 holy_site_inverness_effects:0 "County Conversion Resistance: #P +50%#!"
 holy_site_integratron_effects:0 "County Conversion Resistance: #P +30%#!"
 holy_site_hundred_mile_house_effects:0 "County Conversion Resistance: #P +20%#!"
 holy_site_grande_pre_effects:0 "County Conversion Resistance: #P +25#!"
 
 #added manually
 holy_site_barreirinhas_name:0 "Lençois Maranhenses"
 holy_site_teresina_name:0 "Teresina"
 holy_site_parintins_name:0 "Parintins"
 holy_site_ushuaia_name:0 "Ushuaia"
 holy_site_stanley_name:0 "Stanley"
 holy_site_punta_arenas_name:0 "Punta Arenas"
 holy_site_el_calafate_name:0 "El Calafate"
 holy_site_comodoro_rivadavia_name:0 "Comodoro Rivadavia"
 holy_site_rio_gallegos_name:0 "Río Gallegos"
 holy_site_bariloche_name:0 "Bariloche"
 holy_site_trelew_name:0 "Trelew"
 holy_site_bahia_blanca_name:0 "Bahía Blanca"
 holy_site_azul_name:0 "Azul"
 holy_site_buenos_aires_name:0 "Buenos Aires"
 holy_site_concepcion_effect_name:0 "Concepción del Yaguareté Corá"
 holy_site_concepcion_name:0 "Concepción del Yaguareté Corá"
 holy_site_porto_alegre_name:0 "Porto Alegre"
 holy_site_morro_redondo_name:0 "Morro Redondo"
 holy_site_teutonia_name:0 "Teutônia"
 holy_site_rosario_name:0 "Rosario"
 holy_site_piratini_name:0 "Piratini"
 holy_site_san_miguel_de_tucuman_name:0 "San Miguel de Tucumán"
 holy_site_curitiba_name:0 "Curitiba"
 holy_site_prudentopolis_name:0 "Prudentópolis"
 holy_site_encarnacion_name:0 "Encarnación"
 holy_site_paysandu_name:0 "Paysandú"
 holy_site_mendoza_name:0 "Mendoza"
 holy_site_foz_do_iguacu_name:0 "Foz do Iguaçu"
 holy_site_ciudad_del_este_name:0 "Ciudad del Este"
 holy_site_vitoria_name:0 "Vitória"
 holy_site_chapada_diamantina_name:0 "Chapada Diamantina"
 holy_site_chapada_dos_veadeiros_name:0 "Chapada dos Veadeiros"
 holy_site_jacareacanga_name:0 "Jacareacanga"
 holy_site_canutama_name:0 "Canutama"
 holy_site_porto_velho_name:0 "Porto Velho"
 holy_site_carauari_name:0 "Carauari"
 holy_site_mapuera_name:0 "Mapuera"
 holy_site_tefe_name:0 "Tefe"
 holy_site_cabeca_de_cachorro_name:0 "Cabeça de Cachorro"
 holy_site_rio_negro_amazonia_name:0 "São Gabriel da Cachoeira"
 holy_site_mount_roraima_name:0 "Monte Roraima"
 holy_site_ventuari_name:0 "Ventuari"
 holy_site_gurupa_name:0 "Gurupá"
 holy_site_mutum_name:0 "Mutum"
 holy_site_marcelandia_name:0 "Marcelândia"
 holy_site_bananal_name:0 "Bananal"
 holy_site_parauapebas_name:0 "Parauapebas"
 holy_site_itapiratins_name:0 "Itapiratins"
 holy_site_colares_name:0 "Colares" 
 holy_site_vilas_boas_name:0 "São Francisco de Sales" 
 holy_site_varginha_name:0 "Varginha" 
 holy_site_fortaleza_name:0 "Fortaleza" 
 holy_site_nova_jerusalem_name:0 "Nova Jerusalém" 
 holy_site_uruacu_name:0 "Uruaçu" 
 holy_site_tampa_shriner_name:0 "Egypt Shrine" 
 holy_site_jacksonville_shriner_name:0 "Morocco Shrine" 
 holy_site_new_orleans_shriner_name:0 "Jerusalem Shrine" 
 holy_site_manhattan_shriner_name:0 "Mecca Shrine"
 holy_site_atlanta_shriner_name:0 "Yaarab Shrine"
 holy_site_charlotte_shriner_name:0 "Oasis Shrine"
 holy_site_chicago_shriner_name:0 "Medinah Shrine"
 holy_site_blumenau_name:0 "Blumenau"
 holy_site_sao_borja_name:0 "São Borja"
 holy_site_sao_sepe_name:0 "São Sepé"
 holy_site_sao_luiz_gonzaga_name:0 "São Luiz Gonzaga"
 holy_site_yapeyu_name:0 "Yapeyú"
 holy_site_tulum_name:0 "Tulum"
 holy_site_guatemala_city_name:0 "Guatemala City"
 holy_site_cozumel_name:0 "Cozumel"
 holy_site_ocosingo_name:0 "Ocosingo"
 holy_site_ixan_name:0 "Ixan"
 holy_site_san_cristobal_name:0 "San Cristóbal de las Casas"
 holy_site_flores_name:0 "Flores"
 holy_site_solola_name:0 "Sololá"
 holy_site_san_pedro_sula_name:0 "San Pedro Sula"
 holy_site_sumidero_name:0 "Sumidero Canyon"
 holy_site_tuxtla_name:0 "Tuxtla"
 holy_site_san_antonio_aguacaliente_name:0 "San Antonio Aguacaliente"
 holy_site_olintepeque_name:0 "Olintepeque"
 holy_site_cintalapa_name:0 "Cintalapa"
 holy_site_calakmul_name:0 "Calakmul"
 holy_site_la_venta_name:0 "La Venta"
 holy_site_canajoharie_name:0 "Canajoharie"
 holy_site_buffalo_name:0 "Buffalo"
 holy_site_pensacola_name:0 "Pensacola"
 holy_site_rainbow_bridge_name:0 "Rainbow Bridge"
 holy_site_mount_taylor_name:0 "Tsoodził"
 holy_site_humphrey_peak_name:0 "Dookʼoʼoosłííd"
 holy_site_alamosa_name:0 "Alamosa"
 holy_site_window_rock_name:0 "Window Rock"
 holy_site_hesperus_mountain_name:0 "Hesperus Mountain"
 holy_site_integratron_name:0 "Integratron"
 holy_site_isabela_name:0 "Isabela"
 holy_site_isla_san_cristobal_name:0 "Isla San Cristóbal"
 holy_site_sao_jose_do_belmonte_name:0 "São José do Belmonte"
 holy_site_sertao_dos_inhamuns_name:0 "Sertão dos Inhamuns"
 holy_site_paulo_afonso_name:0 "Paulo Afonso"
 holy_site_santa_ines_name:0 "Santa Inês"
 holy_site_phoenix_name:0 "Phoenix"
 holy_site_albuquerque_name:0 "Albuquerque"
 holy_site_mexicali_name:0 "Mexicali"
 holy_site_inverness_name:0 "Inverness"
 holy_site_sydney_name:0 "Sydney"
 holy_site_morelia_name:0 "Morelia"
 holy_site_uruapan_name:0 "Uruapan"
 holy_site_churumuco_de_morelos_name:0 "Churumuco de Morelos"
 holy_site_tecoman_name:0 "Tecomán"
 holy_site_zihuatanejo_name:0 "Zihuatanejo"
 holy_site_guayaquil_name:0 "Guayaquil"
 holy_site_tucson_name:0 "Tucson"
 holy_site_nogales_name:0 "Nogales"
 holy_site_guaymas_name:0 "Guaymas"
 holy_site_chihuahua_name:0 "Chihuahua"
 holy_site_los_mochis_name:0 "Los Mochis"
 holy_site_catemaco_name:0 "Catemaco"
 holy_site_osorno_name:0 "Osorno"
 holy_site_huesca_de_ocampo_name:0 "Huasca de Ocampo"
 holy_site_ciudad_victoria_name:0 "Ciudad Victoria"
 holy_site_linares_name:0 "Linares"
 holy_site_matamoros_name:0 "Matamoros"
 holy_site_san_blas_name:0 "San Blas"
 holy_site_cerro_gordo_name:0 "Cerro Gordo"
 holy_site_teakata_name:0 "Te'akata"
 holy_site_xapawiyemeta_name:0 "Xapawiyemeta"
 holy_site_wirikuta_name:0 "Wirikuta"
 holy_site_guachochi_name:0 "Guachochi"
 holy_site_ciudad_juarez_name:0 "Juárez"
 holy_site_guanacevi_name:0 "Guanaceví"
 holy_site_oaxaca_name:0 "Oaxaca"
 holy_site_cholula_name:0 "Cholula"
 holy_site_huejutla_name:0 "Huejutla"
 holy_site_tapachula_name:0 "Tapachula"
 holy_site_cuernavaca_name:0 "Cuernavaca"
 holy_site_puebla_name:0 "Puebla"
 holy_site_guadalajara_name:0 "Guadalajara"
 holy_site_tulancingo_name:0 "Tulancingo"
 holy_site_iguala_name:0 "Iguala"
 holy_site_macuspana_name:0 "Macuspana"
 holy_site_selva_lacandona_name:0 "Lacandon Jungle"
 holy_site_acapulco_name:0 "Acapulco"
 holy_site_chiquimula_name:0 "Chiquimula"
 holy_site_peten_itza_name:0 "Petén Itzá"
 holy_site_atliaca_name:0 "Atliaca"
 holy_site_mitlatongo_name:0 "Mitlatongo"
 holy_site_juchitan_de_zaragoza_name:0 "Juchitán de Zaragoza"
 holy_site_santa_maria_ostula_name:0 "Santa María de Ostula"
 holy_site_taxco_name:0 "Taxco"
 holy_site_papantla_name:0 "Papantla"
 holy_site_buenos_aires_rosalimense_name:0 "Buenos Aires"
 holy_site_marshall_name:0 "Marshall"
 holy_site_provo_name:0 "Provo"
 holy_site_edmonton_name:0 "Edmonton"
 holy_site_dallas_name:0 "Dallas"
 holy_site_fresnillo_name:0 "Fresnillo"
 holy_site_mazatlan_name:0 "Mazatlán"
 holy_site_puerto_penasco_name:0 "Puerto Peñasco"
 holy_site_cabo_san_lucas_name:0 "Cabo San Lucas"
 holy_site_espinazo_name:0 "Espinazo"
 holy_site_queretaro_name:0 "Querétaro"
 holy_site_badiraguato_name:0 "Badiraguato"
 holy_site_batopilas_name:0 "Batopilas"
 holy_site_laguna_verde_name:0 "Laguna Verde"
 holy_site_campeche_name:0 "Campeche"
 holy_site_nancahuazu_name:0 "Ñancahuazú"
 holy_site_villa_clara_name:0 "Villa Clara"
 holy_site_silicon_valley_name:0 "Silicon Valley"
 holy_site_pasadena_name:0 "Pasadena"
 holy_site_salem_or_name:0 "Salem"
 holy_site_jackson_name:0 "Jackson"
 holy_site_birmingham_name:0 "Birmingham"
 holy_site_montgomery_name:0 "Montgomery"
 holy_site_augusta_name:0 "Augusta"
 holy_site_the_ark_name:0 "The Ark"
 holy_site_seneca_falls_name:0 "Seneca Falls"
 holy_site_oberlin_name:0 "Oberlin"
 holy_site_saint_meinrad_name:0 "Saint Meinrad"
 holy_site_indianapolis_name:0 "Indianapolis"
 holy_site_hillsboro_name:0 "Hillsboro"
 holy_site_cahokia_name:0 "Cahokia"
 holy_site_nashville_name:0 "Nashville"
 holy_site_fort_knox_name:0 "Fort Knox"
 holy_site_eureka_name:0 "Eureka"
 holy_site_hundred_mile_house_name:0 "100 Mile House"
 holy_site_lovell_name:0 "Lovell"
 holy_site_sundance_name:0 "Sundance"
 holy_site_mendocino_name:0 "Mendocino"
 holy_site_st_johns_antigua_name:0 "St. John's"
 holy_site_naparima_name:0 "Naparima Plain"
 holy_site_guantanamo_name:0 "Guantánamo"
 holy_site_caracas_name:0 "Caracas"
 holy_site_matanzas_name:0 "Matanzas"
 holy_site_pinar_del_rio_name:0 "Pinar del Río"
 holy_site_sorte_mountain_name:0 "Sorte Mountain"
 holy_site_ciudad_bolivar_name:0 "Ciudad Bolívar"
 holy_site_trinidad_name:0 "Trinidad"
 holy_site_point_pleasant_name:0 "Point Pleasant"
 holy_site_serpent_mound_name:0 "Serpent Mound"
 holy_site_new_vrindaban_name:0 "New Vrindaban"
 holy_site_blood_mountain_name:0 "Blood Mountain"
 holy_site_sunsphere_name:0 "Sunsphere"
 holy_site_little_rock_name:0 "Little Rock"
 holy_site_jolo_name:0 "Jolo"
 holy_site_old_rock_house_name:0 "Old Rock House"
 holy_site_harlan_name:0 "Harlan"
 holy_site_charleston_wv_name:0 "Charleston"
 holy_site_cleveland_tn_name:0 "Cleveland"
 holy_site_greenville_name:0 "Greenville"
 holy_site_aracruz_name:0 "Aracruz"
 holy_site_sao_felix_do_xingu_name:0 "São Félix do Xingu"
 holy_site_nieuw_aurora_name:0 "Nieuw Aurora"
 holy_site_cayenne_name:0 "Cayenne"
 holy_site_svalbard_name:0 "Svalbard"
 holy_site_palmer_name:0 "Palmer"
 holy_site_lorica_name:0 "Lorica"
 holy_site_merida_name:0 "Mérida"
 holy_site_merida_mx_name:0 "Mérida"
 holy_site_omaha_name:0 "Omaha"
 holy_site_topeka_name:0 "Topeka"
 holy_site_aberdeen_sd_name:0 "Aberdeen"
 holy_site_villavicencio_name:0 "Villavicencio"
 holy_site_sogamoso_name:0 "Sogamoso"
 holy_site_apure_name:0 "Apure"
 holy_site_gasparilla_name:0 "Gasparilla Island"
 holy_site_san_andres_name:0 "San Andrés"
 holy_site_tampa_rosicrucian_name:0 "Tampa"
 holy_site_madison_name:0 "Madison"
 holy_site_boa_vista_name:0 "Boa Vista"
 holy_site_puerto_ayacucho_name:0 "Puerto Ayacucho"
 holy_site_denali_name:0 "Denali"
 holy_site_whistler_blackcomb_name:0 "Whistler-Blackcomb"
 holy_site_breckenridge_name:0 "Breckenridge"
 holy_site_jackson_hole_name:0 "Jackson Hole"
 holy_site_banff_name:0 "Banff"
 holy_site_fresno_name:0 "Fresno"
 holy_site_aconcagua_name:0 "Aconcagua"
 holy_site_miawpukek_name:0 "Miawpukek"
 holy_site_saint_joan_of_arc_chapel_name:0 "Saint Joan of Arc Chapel"
 holy_site_peace_river_name:0 "Peace River"
 holy_site_steinbach_name:0 "Steinbach"
 holy_site_chouteau_name:0 "Chouteau"
 holy_site_cuauhtemoc_name:0 "Cuahtemoc"
 holy_site_cayo_name:0 "Cayo"
 holy_site_hochelaga_name:0 "Hochelaga"
 holy_site_jolljepunco_name:0 "Jolljepunco"
 holy_site_san_juan_ar_name:0 "San Juan"
 holy_site_joinville_name:0 "Joinville"
 holy_site_novo_hamburgo_name:0 "Novo Hamburgo"
 holy_site_santa_clara_name:0 "Santa Clara"
 holy_site_midland_name:0 "Midland"
 holy_site_basaseachi_cascade_name:0 "Cascada Basaseachi"
 holy_site_edilandia_name:0 "Edilândia"
 holy_site_st_augustine_name:0 "St. Augustine"
 holy_site_bonito_name:0 "Bonito"
 holy_site_barretos_name:0 "Barretos"
 holy_site_corumba_name:0 "Corumbá"
 holy_site_ouro_fino_name:0 "Ouro Fino"
 holy_site_veadeiros_name:0 "São Jorge"
 holy_site_sao_luis_name:0 "São Luis"
 holy_site_capao_da_canoa_name:0 "Osório"
 holy_site_seabra_name:0 "Abaíra"
 holy_site_soure_name:0 "Soure"
 holy_site_mazagao_name:0 "Mazagão"
 holy_site_ybytyruzu_name:0 "Ybytyruzú Cordillera"
 holy_site_jhovy_name:0 "Pablo Lagerenza"
 holy_site_valparaiso_name:0 "Valparaíso"
 holy_site_lewiston_name:0 "Lewiston"
 holy_site_ferry_name:0 "Ferry"
 holy_site_kittitas_name:0 "Smohalla's Grave"
 holy_site_kootenai_falls_name:0 "Kootenai Falls"
 holy_site_mono_name:0 "Wovoka's Grave"
 holy_site_lubbock_name:0 "Lubbock"
 holy_site_kitsap_name:0 "Mud Bay Church"
 holy_site_siletz_name:0 "Siletz"
 holy_site_clallam_name:0 "Clallam"
 holy_site_caraquet_name:0 "Caraquet"
 holy_site_port_royal_name:0 "Port Royal"
 holy_site_grande_pre_name:0 "Grande Pré"
 holy_site_port_au_port_name:0 "Port-au-Port"
 holy_site_lafayette_name:0 "Lafayette"
 holy_site_zion_valley_name:0 "Zion Valley"
 holy_site_monongahela_name:0 "Monongahela"
 holy_site_independence_hall_west_name:0 "Independence Hall West"
 holy_site_canton_name:0 "Canton"
 holy_site_apostle_islands_name:0 "Apostle Islands"
 holy_site_indiana_dunes_name:0 "Indiana Dunes"
 holy_site_perrys_victory_name:0 "Perry's Memorial"
 holy_site_saint_james_name:0 "Saint James"
 holy_site_bismarck_name:0 "Bismarck"
 holy_site_dubuque_name:0 "Dubuque"
 holy_site_milwaukee_name:0 "Milwaukee"
 holy_site_kirkwood_name:0 "Kirkwood"
 holy_site_pierre_name:0 "Pierre"
 holy_site_garden_of_eden_name:0 "The Garden of Eden"
 holy_site_gods_acre_name:0 "God's Acre Spring"
 holy_site_junin_name:0 "Junín"
 holy_site_san_juan_justicialista_name:0 "San Juan"
 holy_site_san_luis_argentina_name:0 "San Luis"
 holy_site_camarones_justicialista_name:0 "Camarones"
 holy_site_colonia_valdense_name:0 "Colonia Valdense"
 holy_site_jacinto_arauz_name:0 "Jacinto Arauz"
 holy_site_lily_dale_name:0 "Lily Dale"
 holy_site_rosthern_name:0 "Rosthern"
 holy_site_castlegar_name:0 "Castlegar"
 holy_site_anchorage_name:0 "Anchorage"
 holy_site_yankton_name:0 "Yankton"
 holy_site_harlowton_name:0 "Harlowton"
 holy_site_pembina_name:0 "Pembina"
 holy_site_bethel_name:0 "Bethel"
 holy_site_chimborazo_name:0 "Mt. Chimborazo"
 holy_site_cali_name:0 "Cali"
 holy_site_bucaramanga_name:0 "Bucaramanga"
 holy_site_riogrande_name:0 "Rio Grande"
 holy_site_voree_name:0 "Voree"
 holy_site_lamoni_name:0 "Lamoni"
 holy_site_redding_name:0 "Redding"
 holy_site_salvation_mountain_name:0 "Salvation Mountain"
 holy_site_yakima_name:0 "Yakima"
 holy_site_delano_hermandad_name:0 "Delano"
 holy_site_keene_hermandad_name:0 "Nuestra Señora Reina de La Paz"
 holy_site_houston_name:0 "Houston"
 holy_site_kourou_potay_name:0 "Sant Èspasyal Gwiyannen"
 holy_site_calcoene_potay_name:0 "Parque Arqueológico do Solstício"
 holy_site_columbus_ga_name:0 "Columbus"
 holy_site_tolstoy_sd_name:0 "Tolstoy Commune"
 holy_site_staten_island_name:0 "Staten Island"
 holy_site_spokane_name:0 "Spokane"
 holy_site_salto_dupi_name:0 "Salto Dupí"
 holy_site_camarones_justicialista_name:0 "Camarones"
 holy_site_croatan_pirate_name:0 "Queen Anne's Revenge"
 holy_site_worcester_name:0 "Worcester"
 holy_site_pomona_name:0 "Pomona"
 holy_site_o_higgins_name:0 "Villa O'Higgins"
 holy_site_puerto_natales_name:0 "Puerto Natales"
 holy_site_valdivia_name:0 "Valdivia"
 holy_site_gary_name:0 "Gary"
 holy_site_ottawa_il_name:0 "Ottawa"
 holy_site_armonk_name:0 "Armonk"
 holy_site_los_angeles_glendale_name:0 "Glendale"
 holy_site_port_howard_name:0 "Port Howard"
 holy_site_bahia_thetis_name:0 "Bahía Thetis"
 holy_site_erie_name:0 "Erie"
 holy_site_plamondon_name:0 "Plamondon"
 holy_site_woodburn_name:0 "Woodburn"
 holy_site_parque_granma_name:0 "Parque Nacional Desembarco del Granma"
 holy_site_san_luis_del_palmar_name:0 "San Luis del Palmar"
 holy_site_corrientes_name: "Corrientes"
 holy_site_artigas_name: "Artigas"
 holy_site_parana_name:0 "Parana"
 holy_site_gualeguaychu_name:0 "Gualeyguaychú"
 holy_site_los_angeles_kabbalah_center_name:0 "Kabbalah Center"
 holy_site_cairo_name:0 "Cairo"
 holy_site_luxor_name:0 "Luxor"
 holy_site_colonia_lapin_name:0 "Colonia Lapin"
 holy_site_the_mother_church_name:0 "The Mother Church"
 holy_site_lynn_name:0 "Lynn"
 holy_site_sorocaba_name:0 "Sorocaba"
 holy_site_lagrange_name:0 "LaGrange"
 holy_site_ann_arbor_name:0 "Ann Arbor"
 holy_site_south_bend_name:0 "South Bend"
 holy_site_lac_etchemin_name:0 "Lac-Etchemin"
 holy_site_bois_caiman_name:0 "Bois-Caïman"
 holy_site_basilica_catedral_nuestra_senora_de_la_altagracia_name:0 "Basílica Catedral de Nuestra Señora de la Altagracia"
 holy_site_montego_bay_name:0 "Montego Bay"
 holy_site_tobago_name:0 "Tobago"
 holy_site_grenada_name:0 "Grenada"
 holy_site_mahdia_name:0 "Mahdia"
 holy_site_baltimore_name:0 "Baltimore"
 holy_site_fort_wayne_name:0 "Fort Wayne"
 holy_site_poza_rica_name:0 "Poza Rica"
 holy_site_odessa_name:0 "Odessa"
 holy_site_longview_name:0 "Longview"
 holy_site_oil_city_name:0 "Oil City"
 holy_site_prudhoe_bay_name:0 "Prudhoe Bay"
 holy_site_fort_worth_name:0 "Fort Worth"
 holy_site_akron_name:0 "Akron"
 holy_site_platina_name:0 "Platina"
 holy_site_arlington_name:0 "Arlington"
 holy_site_davenport_name:0 "Davenport"
 holy_site_des_moines_name:0 "Des Moines"
 holy_site_sarasota_name:0 "Sarasota"
 holy_site_boca_araguabisi_name:0 "Boca Araguabisi"
 holy_site_tucupita_name:0 "Tucupita"
 holy_site_mabaruma_name:0 "Mabaruma"
 holy_site_st_vincent_name:0 "Saint Vincent"
 holy_site_roatan_name:0 "Roatán"
 holy_site_rancheria_river_name:0 "Rancheria River"
 holy_site_uribia_name:0 "Uribia"
 holy_site_maicao_name:0 "Maicao"
 holy_site_ponce_name:0 "Ponce"
 holy_site_missoula_name:0 "Missoula"
 holy_site_roseville_name:0 "Roseville"
 holy_site_cumana_name:0 "Cumaná"
 holy_site_trenton_cfb_name:0 "Trenton"
 holy_site_bagotville_cfb_name:0 "Bagotville"
 holy_site_cold_lake_cfb_name:0 "Cold Lake"
 holy_site_half_dome_name:0 "Half Dome"
 holy_site_monticello_name:0 "Monticello"
 holy_site_tayrona_name:0 "Tayrona"
 holy_site_mobile_name:0 "Mobile"
 holy_site_natchitoches_name:0 "Natchitoches"
 holy_site_maceio_name:0 "Maceió"
 holy_site_barra_do_garcas_name:0 "Nova Xavantina"
 holy_site_norristown_name:0 "Norristown"
 holy_site_kamloops_name:0 "Kamloops"
 holy_site_willard_name:0 "Willard"
 holy_site_temecula_name:0 "Temecula"
 holy_site_chan_santa_cruz_name:0 "Chan Santa Cruz"
 holy_site_mount_pleasant_name:0 "Mount Pleasant"
 holy_site_queens_name:0 "Queens"
 holy_site_columbus_oh_name:0 "Columbus"
 holy_site_nur_name:0 "Nur"
 holy_site_kwethluk_name:0 "Kwethluk"
 holy_site_scranton_name:0 "Scranton"
 holy_site_duluth_name:0 "Duluth"
 holy_site_bauru_name:0 "Bauru"
 holy_site_cherokee_nantahala_name:0 "Cherokee"
 holy_site_tahlequah_name:0 "Tahlequah"
 holy_site_new_echota_name:0 "New Echota"
 holy_site_tulsa_name:0 "Tulsa"
 holy_site_southlake_name:0 "Southlake"
 holy_site_virginia_beach_name:0 "Virginia Beach"
 holy_site_cane_ridge_name:0 "Cane Ridge Meetinghouse"
 holy_site_balls_creek_name:0 "Balls Creek Campground"
 holy_site_battle_creek_name:0 "Battle Creek"
 holy_site_silver_springs_name:0 "Silver Springs"
 holy_site_nampa_name:0 "Nampa"
 holy_site_portland_ma_name:0 "Portland"
 holy_site_st_helena_name:0 "St. Helena"
 holy_site_lovetts_grove_name:0 "Lovett's Grove"
 holy_site_adam_ondi_ahman_name:0 "Adam-ondi-Ahman"
 holy_site_oakland_name:0 "Oakland"
 holy_site_anenecuilco_name:0 "Anenecuilco"
 holy_site_jiquilpan_name:0 "Jiquilpan"
 holy_site_dolores_hidalgo_name:0 "Dolores Hidalgo"
 holy_site_tegucigalpa_name:0 "Tegucigalpa"
 holy_site_frontenac_name:0 "Frontenac"
 holy_site_hell_mi_name:0 "Hell"
 holy_site_lake_geneva_name:0 "Lake Geneva"
 holy_site_arkham_name:0 "Arkham"
 holy_site_jamestown_williamsburg_name:0 "Historic Triangle"
 holy_site_magdalena_de_kino_name:0 "Magdalena de Kino"
 holy_site_shuk_toak_name:0 "Shuk Toak"
 holy_site_quitobaquito_name:0 "Quitobaquito"
 holy_site_waw_kiwulik_name:0 "Waw Kiwulik"
 holy_site_muhadag_doag_name:0 "Muhadag Do'ag"
 holy_site_sengaah_name:0 "Sengaah"
 holy_site_loosi_name:0 "Loosi"
 holy_site_mashgal_name:0 "Mashgal"
 holy_site_dragoon_mountains_name:0 "Dragoon Mountains"
 holy_site_dzil_nchaa_sian_name:0 "Dził Nchaa Si An"
 holy_site_ohkay_owingeh_name:0 "Ohkwee Ówîngeh"
 holy_site_sipapu_name:0 "Sipapu"
 holy_site_nuvatukyaovi_name:0 "Nuvatukya'ovi"
 holy_site_kothluwalawa_name:0 "Kothluwalawa"
 holy_site_yupkoyvi_name:0 "Yupkoyvi"
 activity_pilgrimage.not_a_holy_site_tt:0 "This province is #bold not#! one of your [faithpossessive|E] [holy_sites|E]#!"