l_spanish:
# l_spanish:
# l_german:
# l_french:
# l_russian:
# l_simp_chinese:
# l_korean:

#North Pacific
north_pacific_group:0 "North Pacific"
north_pacific_group_collective_noun:0 "North Pacifics"
inlander:0 "Inlander"
inlander_collective_noun:0 "Inlanders"
canuck:0 "Canuck"
canuck_collective_noun:0 "Canucks"
jeffersonian:0 "Jeffersonian"
jeffersonian_collective_noun:0 "Jeffersonians"
cascadian:0 "Cascadian"
cascadian_collective_noun:0 "Cascadians"
snakelander:0 "Snakelander"
snakelander_collective_noun:0 "Snakelanders"
ktunaxa:0 "Ktunaxa"
ktunaxa_collective_noun:0 "Ktunaxa"
ktunaxa_history_loc:0 "Also known as Kootenay"
interior_salish:0 "Interior Salish"
interior_salish_collective_noun:0 "Interior Salish"
interior_salish_history_loc:0 "Include the Shuswap, Lilooet, Syilx and Nlakaʼpamux"
okanagan:0 "Okanagan"
okanagan_collective_noun:0 "Okanagans"
okanaganer:0 "Okanaganer"
okanaganer_collective_noun:0 "Okanaganers"
dakelh:0 "Dakelh"
dakelh_collective_noun:0 "Dakelh"
juniperian:0 "Juniperian"
juniperian_collective_noun:0 "Juniperians"
chinook:0 "Chinook"
chinook_collective_noun:0 "Chinook"
chinook_history_loc:0 "Also known as Tsinúk"
kalapuya:0 "Kalapuya"
kalapuya_collective_noun:0 "Kalapuya"
coast_salish:0 "Coast Salish"
coast_salish_collective_noun:0 "Coast Salish"
coast_salish_history_loc:0 "Include the Lushootseed, Selilwitulh and Skokomish"
meseteno:0 "Meseteño"
meseteno_collective_noun:0 "Meseteño"

#Rockland
rockland_group:0 "Rockland"
rockland_group_collective_noun:0 "Rockland"
utahn:0 "Utahn"
utahn_collective_noun:0 "Utahns"
coloradan:0 "Coloradan"
coloradan_collective_noun:0 "Coloradans"
montaneer:0 "Montaneer"
montaneer_collective_noun:0 "Montaneers"
neomexicano:0 "Neomexicano"
neomexicano_collective_noun:0 "Neomexicanos"
arixan:0 "Arixan"
arixan_collective_noun:0 "Arixans"
battleborn:0 "Battleborn"
battleborn_collective_noun:0 "Battleborn"
estacadan:0 "Estacadan"
estacadan_collective_noun:0 "Estacadans"

#Californian
californian_group:0 "Californian"
californian_group_collective_noun:0 "Californians"
angeleno:0 "Socaleno"
angeleno_collective_noun:0 "Socalenos"
bayfolk:0 "Bayfolk"
bayfolk_collective_noun:0 "Bayfolk"
valleyan:0 "Valleyan"
valleyan_collective_noun:0 "Valleyans"
sacramentan:0 "Sacramentan"
sacramentan_collective_noun:0 "Sacramentans"
valiano:0 "Joaquino"
valiano_collective_noun:0 "Joaquinos"
mojavean:0 "Mojavean"
mojavean_collective_noun:0 "Mojaveans"
cahuilla:0 "Cahuilla"
cahuilla_collective_noun:0 "Cahuillas"
cahuilla_history_loc:0 "Also known as Ivilyuqaletem"
montereyan:0 "Montereyan"
montereyan_collective_noun:0 "Montereyans"

#Plateau Group
plateau_group:0 "Plateau"
plateau_group_collective_noun:0 "Plateau"
navajo:0 "Navajo"
navajo_collective_noun:0 "Navajo"
navajo_history_loc:0 "Also known as Diné"
apache:0 "Apache"
apache_collective_noun:0 "Apache"
apache_history_loc:0 "Also known as Indé"
zuni:0 "Zuni"
zuni_collective_noun:0 "Zuni"
zuni_history_loc:0 "Also known as A:shiwi"
hualapai:0 "Hualapai"
hualapai_collective_noun:0 "Hualapai"
hualapai_history_loc:0 "Also known as Hwalbáy"
keres:0 "Keres"
keres_collective_noun:0 "Keres"
hopi:0 "Hopi"
hopi_collective_noun:0 "Hopi"
apache_history_loc:0 "Also known as Hopituh Shi-nu-mu"
oodham:0 "O'odham"
oodham_collective_noun:0 "O'odham"
oodham_history_loc:0 "Also known as Pima"

#Interior
interior_group:0 "Interior"
interior_group_collective_noun:0 "Interior"
nez_perce:0 "Nez Perce"
nez_perce_collective_noun:0 "Nez Perce"
nez_perce_history_loc:0 "Also known as Nimípu"
yakama:0 "Yakama"
yakama_collective_noun:0 "Yakama"
yakama_history_loc:0 "Also known as Mamachatpam"
tinainu:0 "Tinainu"
Tinainu_collective_noun:0 "Tinainu"
paiute:0 "Paiute"
paiute_collective_noun:0 "Paiute"
ute:0 "Ute"
ute_collective_noun:0 "Ute"
pomo:0 "Pomo"
pomo_collective_noun:0 "Pomo"
klamath:0 "Klamath"
klamath_collective_noun:0 "Klamath"
klamath_history_loc:0 "Also known as Maklak"
yurok:0 "Yurok"
yurok_collective_noun:0 "Yurok"
yurok_history_loc:0 "Also known as ‘Oohl"
chumash:0 "Chumash"
chumash_collective_noun:0 "Chumash"
umatilla:0 "Umatilla"
umatilla_collective_noun:0 "Umatillan"
umatilla_history_loc:0 "Also known as Imatalamláma"

#Northwest Coast
northwest_coast_group:0 "Northwest Coast"
northwest_coast_group_collective_noun:0 "Northwest Coast"
haida:0 "Haida"
haida_collective_noun:0 "Haida"
haida_history_loc:0 "Also known as Xaayda or Xaat"
wakashan:0 "Wakashan"
wakashan_collective_noun:0 "Wakashan"
wakashan_history_loc:0 "“Include the Oowekyala, Heltsuk, Kwak’wala, Nuu-chah-nulth and Ditidaht"
tlingit:0 "Tlingit"
tlingit_collective_noun:0 "Tlingit"
tsimshianic:0 "Tsimshianic"
tsimshianic_collective_noun:0 "Tsimshianic"
tsimshianic_history_loc:0 "Include the Gitxsan, Nisga’a, Sm’álgyax and Sgüüx̣s"

#Boreal
boreal_group:0 "Boreal"
boreal_group_collective_noun:0 "Boreals"
alaskan:0 "Alaskan"
alaskan_collective_noun:0 "Alaskans"
klondiker:0 "Klondiker"
klondiker_collective_noun:0 "Klondikers"
yukoner:0 "Yukoner"
yukoner_collective_noun:0 "Yukoners"

#Athapaskan
athapaskan_group:0 "Athapaskan"
athapaskan_group_collective_noun:0 "Athapaskans"
denesuline:0 "Denesuline"
denesuline_collective_noun:0 "Denesuline"
denesuline_history_loc:0 "Also known as Chipewyan"
tlicho:0 "Tlicho"
tlicho_collective_noun:0 "Tlicho"
tlicho_history_loc:0 "Also known as Dogrib"
sahtu:0 "Sahtu"
sahtu_collective_noun:0 "Sahtu"
deh_cho:0 "Deh Cho"
deh_cho_collective_noun:0 "Deh Cho"
kaska:0 "Kaska"
kaska_collective_noun:0 "Kaska"
gwichin:0 "Gwichin"
gwichin_collective_noun:0 "Gwichin"
gwichin_history_loc:0 "Also known as Dinjii Zhuu"
koyukon:0 "Koyukon"
koyukon_collective_noun:0 "Koyukon"
dane_zaa:0 "Dane-Zaa"
dane_zaa_collective_noun:0 "Dane-Zaa"
dane_zaa_history_loc:0 "Also known as Tsattine"

#Arctic
arctic_group:0 "Arctic"
arctic_group_collective_noun:0 "Arctics"
chukchi:0 "Chukchi"
chukchi_collective_noun:0 "Chukchi"
chukchi_history_loc:0 "Also known as Luoravetlan"
inuit:0 "Inuit"
inuit_collective_noun:0 "Inuits"
kalaaleq:0 "Kalaaleq"
kalaaleq_collective_noun:0 "Kalaaleq"
svalbarder:0 "Svalbarder"
svalbarder_collective_noun:0 "Svalbarders"
inupiat:0 "Iñupiat"
inupiat_collective_noun:0 "Iñupiat"
yupik:0 "Yup'ik"
yupik_collective_noun:0 "Yup'ik"
alutiiq:0 "Alutiiq"
alutiiq_collective_noun:0 "Alutiiq"
alutiiq_history_loc:0 "Also known as Sugpiaq"
unangan:0 "Unangan"
unangan_collective_noun:0 "Aleúte"
unangan_history_loc:0 "Also known as Sugpiaq"
inughuit:0 "Inughuit"
inughuit_collective_noun:0 "Inughuit"

#Prairie
prairie_group:0 "Prairie"
prairie_group_collective_noun:0 "Prairie"
prairielander:0 "Prairielander"
prairielander_collective_noun:0 "Prairielanders"
preiryansky:0 "Preiryansky"
preiryansky_collective_noun:0 "Preiryansky"
doukhobor:0 "Doukhobor"
doukhobor_collective_noun:0 "Doukhobor"
metis:0 "Métis"
metis_collective_noun:0 "Métis"
badlander:0 "Badlander"
badlander_collective_noun:0 "Badlanders"

#Plains
plains_group:0 "Plains"
plains_group_collective_noun:0 "Plains"
comanche:0 "Comanche"
comanche_collective_noun:0 "Comanche"
comanche_history_loc:0 "Also known as Numunuu"
lakota:0 "Lakota"
lakota_collective_noun:0 "Lakota"
lakota_history_loc:0 "Include the Sichangu, Oglála, Sihásapa and Húnkpapha"
dakota:0 "Dakota"
dakota_collective_noun:0 "Dakota"
dakota_history_loc:0 "Include the Isányathi and Wichíyena"
crow:0 "Crow"
crow_collective_noun:0 "Crow"
crow_history_loc:0 "Also known as Apsáalooké"
blackfoot:0 "Blackfoot"
blackfoot_collective_noun:0 "Blackfoot"
blackfoot_history_loc:0 "Also known as Niitsítapi"
cheyenne:0 "Cheyenne"
cheyenne_collective_noun:0 "Cheyenne"
cheyenne_history_loc:0 "Also known as Tsitsista or Tsétsêhéstâhese"
kiowa:0 "Kiowa"
kiowa_collective_noun:0 "Kiowa"
kiowa_history_loc:0 "Also known as Cáuigú"
arapaho:0 "Arapaho"
arapaho_collective_noun:0 "Arapaho"
arapaho_history_loc:0 "Also known as Hinono'eino"
dhegihan:0 "Dhegihan"
dhegihan_collective_noun:0 "Dhegihan"
dhegihan_history_loc:0 "Include the Omaha, Ponca, Osage, Kansa, and Quapaw"
nehiyaw:0 "Nêhiyaw"
nehiyaw_collective_noun:0 "Nêhiyaw"
nehiyaw_history_loc:0 "Also known as Plains Cree or Paskwāwiyiniwahk"
mandaree_history_loc:0 "Also known as Paskwâwiyiniwak"
mandaree:0 "Mandaree"
mandaree_collective_noun:0 "Mandaree"
mandaree_history_loc:0 "Include the Mandan, Hidatsa and Arikara"
nakota:0 "Nakota"
nakota_collective_noun:0 "Nakota"
nakota_history_loc:0 "Also known as Assiniboine, Stoney, or Hohe"
caddo_history_loc:0 "Also known as Îyârhe"
caddo:0 "Caddo"
caddo_collective_noun:0 "Caddo"
caddo_history_loc:0 "Also known as Hasinai"
pawnee:0 "Pawnee"
pawnee_collective_noun:0 "Pawnee"
pawnee_history_loc:0 "Also known as Chaticks si Chaticks"

#Sub Arctic
subarctic_group:0 "Subarctic"
subarctic_group_collective_noun:0 "Subarctics"
innu:0 "Innu"
innu_collective_noun:0 "Innu"
innu_history_loc:0 "Also known as Ilnu"
iyyu:0 "Iyyu"
iyyu_collective_noun:0 "Iyyu"
eeyou:0 "Eeyou"
eeyou_collective_noun:0 "Eeyou "
eeyou_history_loc:0 "Also known as East Cree or Enyou"
nihithaw:0 "Nîhithaw"
nihithaw_collective_noun:0 "Nîhithaw"
nihithaw_history_loc:0 "Also known as Woodland Cree or Sakāwithiniwak"

#Anishinaabeg
anishinaabeg_group:0 "Anishinaabeg"
anishinaabeg_group_collective_noun:0 "Anishinaabeg"
ojibwe:0 "Ojibwe"
ojibwe_collective_noun:0 "Ojibwe"
ojibwe_history_loc:0 "Also known as Chippewa"
algonquin:0 "Algonquin"
algonquin_collective_noun:0 "Algonquin"
algonquin_history_loc:0 "Also known as Omàmiwinini"
oji_cree:0 "Anisininew"
oji_cree_collective_noun:0 "Anisininew"
oji_cree_history_loc:0 "Also known as Oji-Cree"
chippewa:0 "Chippewa"
chippewa_collective_noun:0 "Chippewa"
potawatomi:0 "Potawatomi"
potawatomi_collective_noun:0 "Potawatomi"
potawatomi_history_loc:0 "Also known as Bodéwadmi"
menominee:0 "Menominee"
menominee_collective_noun:0 "Menominee"


menominee_history_loc:0 "Also known as Mamaceqtaw"
odawa:0 "Odawa"
odawa_collective_noun:0 "Odawa"


#Midwest
midwest_group:0 "Midwestern"
midwest_group_collective_noun:0 "Midwesterners"
heartlander:0 "Heartlander"
heartlander_collective_noun:0 "Heartlanders"
grangelander:0 "Grangelander"
grangelander_collective_noun:0 "Grangelanders"
cowbohemian:0 "Cowbohemian"
cowbohemian_collective_noun:0 "Cowbohemians"
minnesotan:0 "Minnesotan"
minnesotan_collective_noun:0 "Minnesotans"
gatewayan:0 "Gatewayan"
gatewayan_collective_noun:0 "Gatewayans"

#Laurentian
laurentian_group:0 "Laurentian"
laurentian_group_collective_noun:0 "Laurentians"
sixer:0 "Sixer"
sixer_collective_noun:0 "Sixers"
ontarian:0 "Ontarian"
ontarian_collective_noun:0 "Ontarians"
shieldshorer:0 "Shieldshorer"
shieldshorer_collective_noun:0 "Shieldshorers"
haudenosaunee:0 "Haudenosaunee"
haudenosaunee_collective_noun:0 "Haudenosaunee"
haudenosaunee_history_loc:0 "Include the Mohawk, Oneida, Onondaga, Cayuga, and Seneca"

#Lakelander
lakelander_group:0 "Lakelander"
lakelander_group_collective_noun:0 "Lakelanders"
michigander:0 "Michigander"
michigander_collective_noun:0 "Michiganders"
steelfolk:0 "Steelfolk"
steelfolk_collective_noun:0 "Steelfolk"
chicagoan:0 "Chicagoan"
chicagoan_collective_noun:0 "Chicagoans"
motowner:0 "Motowner"
motowner_collective_noun:0 "Motowners"
chiraqi:0 "Chiraqi"
chiraqi_collective_noun:0 "Chiraqis"
hoosier:0 "Hoosier"
hoosier_collective_noun:0 "Hoosiers"

butternutter:0 "Butternutter"
butternutter_collective_noun:0 "Butternutters"
northcoaster:0 "Northcoaster"
northcoaster_collective_noun:0 "Northcoasters"
buckeye:0 "Buckeye"
buckeye_collective_noun:0 "Buckeyes"

#Br'ish
british_group:0 "British"
british_group_collective_noun:0 "British"
kelper:0 "Kelper"
kelper_collective_noun:0 "Kelpers"
wladfaeg:0 "Wladvaeg"
wladfaeg_collective_noun:0 "Wladvaeg"

#Upland
upland_group:0 "Upland"
upland_group_collective_noun:0 "Upland"
appalachian:0 "Appalachian"
appalachian_collective_noun:0 "Appalachians"
riverlander:0 "Riverlander"
riverlander_collective_noun:0 "Riverlanders"
ozark:0 "Ozark"
ozark_collective_noun:0 "Ozark"
okie:0 "Okie"
okie_collective_noun:0 "Okies"
piedmontese:0 "Piedmontese"
piedmontese_collective_noun:0 "Piedmontese"
yinzer:0 "Yinzic"
yinzer_collective_noun:0 "Yinzics"

#Woodland
woodlands_group:0 "Woodlands"
woodlands_collective_noun:0 "Woodlands"
lumbee:0 "Lumbee"
lumbee_collective_noun:0 "Lumbee"
cherokee:0 "Cherokee"
cherokee_collective_noun:0 "Cherokee"
cherokee_history_loc:0 "Also known as Aniyvwiya"
muscogee:0 "Muscogee"
muscogee_collective_noun:0 "Muscogee"
muscogee_history_loc:0 "Also known as Creek"
seminole:0 "Seminole"
seminole_collective_noun:0 "Seminole"
choctaw:0 "Choctaw"
choctaw_collective_noun:0 "Choctaw"

choctaw_history_loc:0 "Also known as Chahta"
chickasaw:0 "Chickasaw"
chickasaw_collective_noun:0 "Chickasaw"
chickasaw_history_loc:0 "Also known as Chikashsha"

#Texan
texan_group:0 "Texan"
texan_group_collective_noun:0 "Texans"
czexan:0 "Czexan"
czexan_collective_noun:0 "Czexans"
tejano:0 "Tejano"
tejano_collective_noun:0 "Tejanos"
texan:0 "Texan"
texan_collective_noun:0 "Texans"
texaner:0 "Texaner"
texaner_collective_noun:0 "Texaners"
arklatexan:0 "Arklatexan"
arklatexan_collective_noun:0 "Arklatexans"

#Amerodeutsch
amerodeutsch_group:0 "Amerodeutsch"
amerodeutsch_group_collective_noun:0 "Amerodeutsch"
deitsch:0 "Deitsch"
deitsch_collective_noun:0 "Deitsch"
plautsdeutsch:0 "Plautsdeutsch"
plautsdeutsch_collective_noun:0 "Plautsdeutsch"
yiddish:0 "Yiddish"
yiddish_collective_noun:0 "Yiddish"
belizonite:0 "Belizonite"
belizonite_collective_noun:0 "Belizonites"

#Dixielander
dixielander_group:0 "Dixielander"
dixielander_group_collective_noun:0 "Dixielanders"
southron:0 "Southron"
southron_collective_noun:0 "Southrons"
sandlapper:0 "Sandlapper"
sandlapper_collective_noun:0 "Sandlappers"
dixie:0 "Dixie"
dixie_collective_noun:0 "Dixie"
tuskegean:0 "Tuskegean"
tuskegean_collective_noun:0 "Tuskegeans"
gullah:0 "Gullah"
gullah_collective_noun:0 "Gullah"
atlantan:0 "Atlantan"
atlantan_collective_noun:0 "Atlantans"
deltaic:0 "Deltaic"
deltaic_collective_noun:0 "Deltaic"
hoi_toider:0 "Hoi Toider"
hoi_toider_collective_noun:0 "Hoi Toiders"

#Floridian
floridian_group:0 "Floridian"
floridian_group_collective_noun:0 "Floridians"
sunshiner:0 "Sunshiner"
sunshiner_collective_noun:0 "Sunshiners"
gulfard:0 "Gulfard"
gulfard_collective_noun:0 "Gulfards"
sofloano:0 "Sofloano"
sofloano_collective_noun:0 "Sofloano"

#Franco Group
franco_group:0 "Franco"
franco_group_collective_noun:0 "Franco"
francontarien:0 "Francontarien"
francontarien_collective_noun:0 "Francontariens"
quebecois:0 "Quebecois"
quebecois_collective_noun:0 "Quebecois"
montrealais:0 "Montréalais"
montrealais_collective_noun:0 "Montréalais"
acadien:0 "Acadien"
acadien_collective_noun:0 "Acadien"
chiac:0 "Chiac"
chiac_collective_noun:0 "Chiacs"
pierrais:0 "Pierrais"
pierrais_collective_noun:0 "Pierrais"


#Northlake
northlake_group:0 "Northlake"
northlake_group_collective_noun:0 "Northlake"
yooper:0 "Yooper"
yooper_collective_noun:0 "Yoopers"
cheesehead:0 "Cheesehead"
cheesehead_collective_noun:0 "Cheeseheads"
northlander:0 "Northlander"
northlander_collective_noun:0 "Northlanders"
ovadalaker:0 "Overdalaker"
ovadalaker_collective_noun:0 "Ovadalakers"
upnorther:0 "Upnorther"
upnorther_collective_noun:0 "Upnorthers"

#Caribeno
caribeno_group:0 "Caribeño"
caribeno_group_collective_noun:0 "Caribeños"
cubano:0 "Cubano"
cubano_collective_noun:0 "Cubanos"
quisqueyano:0 "Quisqueyano"
quisqueyano_collective_noun:0 "Quisqueyanos"
boricua:0 "Boricua"
boricua_collective_noun:0 "Boricuas"

#Caribbanglo
caribbanglo_group:0 "Caribbanglo"
caribbanglo_group_collective_noun:0 "Caribbanglos"
west_indian:0 "West Indian"
west_indian_collective_noun:0 "West Indians"
jamaican:0 "Jamaican"
jamaican_collective_noun:0 "Jamaicans"
antillean:0 "Antillean"
antillean_collective_noun:0 "Antilleans"
bermudian:0 "Bermudian"
bermudian_collective_noun:0 "Bermudians"
guyanese:0 "Guyanese"
guyanese_collective_noun:0 "Guyanese"
trini:0 "Trini"
trini_collective_noun:0 "Trinis"

#Louisianais
louisianais:0 "Louisianais"
louisianais_collective_noun:0 "Louisianais"
cajun:0 "Cadjin"
cajun_collective_noun:0 "Cadjins"
creole:0 "Créole"
creole_collective_noun:0 "Créoles"
nolan:0 "Nolan"
nolan_collective_noun:0 "Nolans"



#Mid Atlantic
mid_atlantic_group:0 "Mid Atlantic"
mid_atlantic_group_collective_noun:0 "Mid Atlantics"
hudsonian:0 "Hudsonian"
hudsonian_collective_noun:0 "Hudsonians"
upstater:0 "Upstater"
upstater_collective_noun:0 "Upstaters"
beltway:0 "Beltway"
beltway_collective_noun:0 "Beltway"
gothamite:0 "Gothamite"
gothamite_collective_noun:0 "Gothamites"
youser:0 "Youser"
youser_collective_noun:0 "Yousers"
pocono:0 "Pocono"
pocono_collective_noun:0 "Poconos"

#Antillais
antillais_group:0 "Antillais"
antillais_group_collective_noun:0 "Antillais"
haitian:0 "Haitian"
haitian_collective_noun:0 "Haitians"
venteux:0 "Venteux"
venteux_collective_noun:0 "Venteux"
cayennais:0 "Cayennais"
cayennais_collective_noun:0 "Cayennais"

#New Englander
north_englander_group:0 "Yankee"
new_englander_group_collective_noun:0 "Yankees"
lobsterman:0 "Lobsterman"
lobsterman_collective_noun:0 "Lobstermen"
hemlocker:0 "Hemlocker"
hemlocker_collective_noun:0 "Hemlockers"
chowderfolk:0 "Chowderfolk"
chowderfolk_collective_noun:0 "Chowderfolk"

#Atlantic Canadian
atlantic_canadian_group:0 "Atlantic Canadian"
atlantic_canadian_group_collective_noun:0 "Atlantic Canadians"
gaidheal:0 "Gàidheal"
gaidheal_collective_noun:0 "Gàidheil"
newfie:0 "Newfie"
newfie_collective_noun:0 "Newfies"
maritimer:0 "Maritimer"
maritimer_collective_noun:0 "Maritimers"

#Wabanaki
wabanaki_group:0 "Wabanaki"
wabanaki_group_collective_noun:0 "Wabanaki"
mikmaw:0 "Mi'kmaw"
mikmaw_collective_noun:0 "Mi'kmaq"
mikmaw_history_loc:0 "Also known as Lnu"
abenaki:0 "Abenaki"
abenaki_collective_noun:0 "Abenaki"
abenaki_history_loc:0 "Includes the Androscoggin, Missiquoi, Cowasuck, Kennebec, and Penobscot"
passamaquoddy:0 "Passamaquoddy"
passamaquoddy_collective_noun:0 "Passamaquoddy"
passamaquoddy_history_loc:0 "Also known as Peskotomuhkati"

#Norteno
norteno_group:0 "Norteño"
norteno_group_collective_noun:0 "Norteños"
bravo:0 "Bravo"
bravo_collective_noun:0 "Bravos"
xepeno:0 "Xepeño"
xepeno_collective_noun:0 "Xepeños"
californiano:0 "Californiano"
californiano_collective_noun:0 "Californianos"
altiplanense:0 "Altiplanense"
altiplanense_collective_noun:0 "Altiplanenses"
shiwawita:0 "Shiwawita"
shiwawita_collective_noun:0 "Shiwawitas"
lagunero:0 "Lagunero"
lagunero_collective_noun:0 "Laguneros"
menomex:0 "Menomex"
menomex_collective_noun:0 "Menomexes"
fronterizo:0 "Fronterizo"
fronterizo_collective_noun:0 "Fronterizos"
choyero:0 "Choyero"
choyero_collective_noun:0 "Choyeros"
sonoro:0 "Sonoro"
sonoro_collective_noun:0 "Sonoros"
sierreno:0 "Sierreño"
sierreno_collective_noun:0 "Sierreños"
sanluisito: "Sanluisito"
sanluisito_collective_noun: "Sanluisitos"

#Mexicano
mexicano_group:0 "Mexicano"
mexicano_group_collective_noun:0 "Mexicanos"
tapatio:0 "Tapatío"
tapatio_collective_noun:0 "Tapatíos"
jarocho:0 "Jarocho"
jarocho_collective_noun:0 "Jarochos"
chilango:0 "Chilango"
chilango_collective_noun:0 "Chilangos"
abajeno:0 "Abajeño"
abajeno_collective_noun:0 "Abajeños"
calentano:0 "Calentano"
calentano_collective_noun:0 "Calentanos"
brodi:0 "Brodi"
brodi_collective_noun:0 "Brodis"
choco:0 "Choco"
choco_collective_noun:0 "Chocos"
chiapaneco:0 "Chiapaneco"
chiapaneco_collective_noun:0 "Chiapanecos"

#Mayan
mayan_group:0 "Mayan"
mayan_group_collective_noun:0 "Mayan"
winik_atel:0 "Winik Atel"
winik_atel_collective_noun:0 "Winik Atel"
winik_atel_history_loc:0 "Also known as the Tzeltal"
kiche:0 "K'iché"
kiche_collective_noun:0 "K'iché"
yucateco:0 "Yuca"
yucateco_collective_noun:0 "Yucas"
hach_winik:0 "Hach Winik"
hach_winik_collective_noun:0 "Hach Winik"
hach_winik_history_loc:0 "Also known as Lacadon"
maaya:0 "Maayan"
maaya_collective_noun:0 "Maayan"
yokotanob:0 "Yoko Yinik"
yokotanob_collective_noun:0 "Yokot'anob"
yokotanob_history_loc:0 "Also known as the Chontal"
mopan_itza:0 "Mopan-Itza'"
mopan_itza_collective_noun:0 "Mopan-Itza'"
kekchi:0 "Kekchi"
kekchi_collective_noun:0 "Kekchi"
wnaqqo:0 "Mam"
wnaqqo_collective_noun:0 "Mam"
wnaqqo_history_loc:0 "Also known as the Wnaqqo"

#Aridomerican
aridomerican_group:0 "Aridomerican"
aridomerican_group_collective_noun:0 "Aridomericans"
raramuri:0 "Rarámuri"
raramuri_collective_noun:0 "Rarámuri"
cahita:0 "Cahita"
cahita_collective_noun:0 "Cahita"

#Mesoamerican
mesoamerican_group:0 "Mesoamerican"
mesoamerican_group_collective_noun:0 "Mesoamericans"
mexicano:0 "Mexikahno"
mexicano_collective_noun:0 "Mexikahnos"
mexicano_history_loc:0 "Also known as the Nahua"
nuu_savi:0 "Ñuu Savi"
nuu_savi_collective_noun:0 "Ñuu Savis"
nuu_savi_history_loc:0 "Also known as the Mixtec"
binn_i_zaa:0 "Bën Za"
binn_i_zaa_collective_noun:0 "Bën Zas"
binn_i_zaa_history_loc:0 "Also known as the Zapotec"
purhepecha:0 "P'urhépecha"
purhepecha_collective_noun:0 "P'urhépechas"
purhepecha_history_loc:0 "Also known as Michhuàquê"
xitaen:0 "Ha Shuta Enima"
xitaen_collective_noun:0 "Ha Shuta Enima"
xitaen_history_loc:0 "Also known as the Mazatec"
ayuukjaay:0 "Ayuukja'ay"
ayuukjaay_collective_noun:0 "Ayuukja'ay"
ayuukjaay_history_loc:0 "Also known as the Mixe"
chinantec:0 "Chinantec"
chinantec_collective_noun:0 "Chinantecs"
chinantec_history_loc:0 "Also known as Tsá Ju Jmí"
tenek:0 "Teenek"
tenek_collective_noun:0 "Teenek"
tenek_history_loc:0 "Also known as the Huastec"
wixarika:0 "Wixárika"
wixarika_collective_noun:0 "Wixárika"
wixarika_history_loc:0 "Also known as Huichol"
tutunaku:0 "Totonac"
tutunaku_collective_noun:0 "Totonac"
tutunaku_history_loc:0 "Also known as Tutunaku"
hnahnu:0 "Hñähñu"
hnahnu_collective_noun:0 "Hñähñus"
hnahnu_history_loc:0 "Also known as the Otomi"
ode_put:0 "O'de Püt"
ode_put_collective_noun:0 "O'de Püts"
ode_put_history_loc:0 "Also known as the Zoque"
odam:0 "O'dam"
odam_collective_noun:0 "O'dam"
jnatrjo:0 "Jñatrjo"
jnatrjo_collective_noun:0 "Jñatrjos"
jnatrjo_history_loc:0 "Also known as the Mazahua or Hñatho"
naayari:0 "Náayari"
naayari_collective_noun:0 "Náayerite"
naayari_history_loc:0 "Also known as the Cora"
yoreme: "Yoreme"
yoreme_collective_noun: "Yoreme"
yoeme: "Yoeme"
yoeme_collective_noun: "Yoeme"
lenca:0 "Lenca"
lenca_collective_noun:0 "Lenca"
lenca_history_loc:0 "Also known as Lepa Wiran"
talamancan:0 "Talamancan"
talamancan_collective_noun:0 "Talamancans"
talamancan_history_loc:0 "Include the Bribri and Cabécar"
guna:0 "Guna"
guna_collective_noun:0 "Guna"
guna_history_loc:0 "Also known as Dule"
embera:0 "Embera"
embera_collective_noun:0 "Embera"
ngabe:0 "Ngäbe"
ngabe_collective_noun:0 "Ngäbe"
ngabe_history_loc:0 "Also known as Guaymi"

#Centrano
centrano_group:0 "Centrano"
centrano_group_collective_noun:0 "Centranos"
chapin:0 "Chapín"
chapin_collective_noun:0 "Chapines"
guanaco:0 "Guanaco"
guanaco_collective_noun:0 "Guanacos"
catracho:0 "Catracho"
catracho_collective_noun:0 "Catrachos"
nica:0 "Nica"
nica_collective_noun:0 "Nicas"
tico:0 "Tico"
tico_collective_noun:0 "Ticos"
istmeno:0 "Istmeño"
istmeno_collective_noun:0 "Istmeños"

#Mesanglo
mesanglo_group:0 "Mesanglo"
mesanglo_group_collective_noun:0 "Mesanglos"
miskito:0 "Miskito"
miskito_collective_noun:0 "Mistiko"
garinagu:0 "Garinagu"
garinagu_collective_noun:0 "Garinagu"
garinagu_history_loc:0 "Also known as Garifuna"
kriol:0 "Kriol"
kriol_collective_noun:0 "Kriol"
raizal:0 "Raizal"
raizal_collective_noun:0 "Raizal"

#Costero
costero_group:0 "Costero"
costero_group_collective_noun:0 "Costeros"
costeno:0 "Costeño"
costeno_collective_noun:0 "Costeños"
chocoano:0 "Chocoano"
chocoano_collective_noun:0 "Chocoanos"
caraqueno:0 "Caraqueño"
caraqueno_collective_noun:0 "Caraqueños"
truenonato:0 "Truenonato"
truenonato_collective_noun:0 "Truenonatos"
guayanes:0 "Guayanes"
guayanes_collective_noun:0 "Guayaneses"
guaro:0 "Guaro"
guaro_collective_noun:0 "Guaros"
margariteno:0 "Margariteño"
margariteno_collective_noun:0 "Margariteños"
wayuu:0 "Wayuu"
wayuu_collective_noun:0 "Wayuu"
lokono:0 "Lokono"
lokono_collective_noun:0 "Lokono"
warao:0 "Warao"
warao_collective_noun:0 "Warao"

#Andino
andino_group:0 "Andino"
andino_group_collective_noun:0 "Andino"
camba:0 "Camba"
camba_collective_noun:0 "Cambas"
kolla:0 "Kolla"
kolla_collective_noun:0 "Kollas"
quechua:0 "Quechua"
quechua_collective_noun:0 "Quechuas"
aymara:0 "Aymara"
aymara_collective_noun:0 "Aymaras"
selvalteno:0 "Selvalteño"
selvalteno_collective_noun:0 "Selvalteños"
wanka:0 "Wanka"
wanka_collective_noun:0 "Wankas"
muisca:0 "Muisca"
muisca_collective_noun:0 "Muiscas"
muisca_history_loc:0 "Also known as Chibcha"
nasa_history_loc:0 "Also known as Páez"
sikuani_history_loc:0 "Also known as Guahibo, Jivi or Jiwi"
#Norandino
norandino_group:0 "Norandino"
norandino_group_collective_noun:0 "Norandinos"
paisa:0 "Paisa"
paisa_collective_noun:0 "Paisas"
gocho:0 "Gocho"
gocho_collective_noun:0 "Gochos"
cachaco:0 "Cachaco"
cachaco_collective_noun:0 "Cachacos"
valluno:0 "Valluno"
valluno_collective_noun:0 "Vallunos"
llanero:0 "Llanero"
llanero_collective_noun:0 "Llaneros"
pastuso:0 "Pastuso"
pastuso_collective_noun:0 "Pastusos"
opita:0 "Opita"
opita_collective_noun:0 "Opitas"

#Dutch Group
dutch_group:0 "Dutch"
dutch_group_collective_noun:0 "Dutch"
sranan:0 "Sranan"
sranan_collective_noun:0 "Sranan"
papiamen:0 "Papiamen"
papiamen_collective_noun:0 "Papiamen"
ndyuka:0 "Ndyuka"
ndyuka_collective_noun:0 "Ndyuka"
ashaninka_history_loc:0 "Also known as Okanisi or Aukan"
saramaka:0 "Saramaka"
saramaka_collective_noun:0 "Saramaka"

#Ecuatoriano
ecuatoriano_group:0 "Ecuatoriano"
ecuatoriano_group_collective_noun:0 "Ecuatorianos"
guayasense:0 "Guayasense"
guayasense_collective_noun:0 "Guayasenses"
serrano:0 "Serrano"
serrano_collective_noun:0 "Serranos"

#Peruaño
peruano_group:0 "Peruano"
peruano_group_collective_noun:0 "Peruanos"
ileno:0 "Ileño"
ileno_collective_noun:0 "Ileños"
iqueno:0 "Iqueño"
iqueno_collective_noun:0 "Iqueños"
rimense:0 "Rimense"
rimense_collective_noun:0 "Rimenses"
nortechicano:0 "Nortechicano"
nortechicano_collective_noun:0 "Nortechicanos"
costanorteno:0 "Costanorteño"
costanorteno_collective_noun:0 "Costanorteños"
huascareno:0 "Huascareño"
huascareno_collective_noun:0 "Huascareños"
arequipeno:0 "Arequipeño"
arequipeno_collective_noun:0 "Arequipeños"

#Amazonico
amazonico_group:0 "Amazonico"
amazonico_group_collective_noun:0 "Amazonicos"
charapa:0 "Charapa"
charapa_collective_noun:0 "Charapas"
ashaninka:0 "Ashaninka"
ashaninka_collective_noun:0 "Ashaninka"
ashaninka_history_loc:0 "Also known as Campa"
trifinio:0 "Trifinio"
trifinio_collective_noun:0 "Trifinios"
tukano:0 "Tukano"
tukano_collective_noun:0 "Tukano"
yanomami:0 "Yanomami"
yanomami_collective_noun:0 "Yanomami"
sikuani:0 "Sikuani"
sikuani_collective_noun:0 "Sikuani"
nasa:0 "Nasa"
nasa_collective_noun:0 "Nasa"
zenu:0 "Zenú"
zenu_collective_noun:0 "Zenú"
kalina:0 "Kariña"
kalina_collective_noun:0 "Kariñas"
pemon:0 "Pemon"
pemon_collective_noun:0 "Pemon"
makushi:0 "Makushi"
makushi_collective_noun:0 "Makushi"
matses:0 "Matsés"
matses_collective_noun:0 "Matsés"
matses_history_loc:0 "Also known as Mayoruna"
ticuna:0 "Ticuna"
ticuna_collective_noun:0 "Ticuna"
ticuna_history_loc:0 "Also known as Magüta"
karipuna:0 "Karipuna"
karipuna_collective_noun:0 "Karipuna"
#karipuna_duplicate:0 "Karipuna"
#karipuna_duplicate_collective_noun:0 "Karipuna"
kulina:0 "Kulina"
kulina_collective_noun:0 "Kulina"
kulina_history_loc:0 "Also known as Madiha"
munduruku:0 "Munduruku"
munduruku_collective_noun:0 "Munduruku"
nambikwara:0 "Nambiquara"
nambikwara_collective_noun:0 "Nambiquaras"
nambikwara_history_loc:0 "Also known as Anunzê"
sateremawe:0 "Sateremawe"
sateremawe_collective_noun:0 "Sateremawe"
baniwabare:0 "Baniwa-Baré"
baniwabare_collective_noun:0 "Baniwa-Baré"
baniwabare_history_loc:0 "Also known as Hohodene, Wakuenai or Curipaco"
huni_kuin:0 "Huni Kuin"
huni_kuin_collective_noun:0 "Huni Kuin"
huni_kuin_history_loc:0 "Also known as Kaxinawá"
wari:0 "Wari"
wari_collective_noun:0 "Wari"
wajapi:0 "Wajãpi"
wajapi_collective_noun:0 "Wajãpi"
wajapi_history_loc:0 "Also known as Oiampi"
kawaiwete:0 "Kawaiwete"
kawaiwete_collective_noun:0 "Kawaiwete"
kawaiwete_history_loc:0 "Also known as Caiabi"
chiquitano:0 "Chiquitano"
chiquitano_collective_noun:0 "Chiquitano"
chiquitano_history_loc:0 "Also known as Monkóx or Bésiro"
kheuol:0 "Kheuól"
kheuol_collective_noun:0 "Kheuól"
apurinan:0 "Apurinan"
apurinan_collective_noun:0 "Apurinan"
apurinan_history_loc:0 "Also known as Pupỹkary"
hixkaryana:0 "Hixkaryana"
hixkaryana_collective_noun:0 "Hixkaryana"
hixkaryana_history_loc:0 "Also known as Xikrin"
paresi:0 "Paresi"
paresi_collective_noun:0 "Paresi"
kagwahivanga:0 "Kagwahiva "
kagwahivanga_collective_noun:0 "Kagwahiva "
kagwahivanga_history_loc:0 "Also known as Parintintin"
waimiri:0 "Waimiri"
waimiri_collective_noun:0 "Waimiri"
waimiri_history_loc:0 "Also known as Kinja"


#Nortista
nortista_group:0 "Nortista"
nortista_group_collective_noun:0 "Nortistas"
paraense:0 "Paraense"
paraense_collective_noun:0 "Paraenses"
amapaense:0 "Amapaense"
amapaense_collective_noun:0 "Amapaenses"
manauara:0 "Manauara"
manauara_collective_noun:0 "Manauaras"
roraimense:0 "Roraimense"
roraimense_collective_noun:0 "Roraimenses"
imperatrizense:0 "Imperatrizense"
imperatrizense_collective_noun:0 "Imperatrizenses"
tapajoense:0 "Tapajoense"
tapajoense_collective_noun:0 "Tapajoenses"
acreano:0 "Acreano"
acreano_collective_noun:0 "Acreanos"
rondoniense:0 "Rondoniense"
rondoniense_collective_noun:0 "Rondonienses"
mura:0 "Mura"
mura_collective_noun:0 "Mura"

#Nordestino
nordestino_group:0 "Nordestino"
nordestino_group_collective_noun:0 "Nordestinos"
sertanejo:0 "Sertanejo"
sertanejo_collective_noun:0 "Sertanejos"
recifolindense:0 "Recifolindense"
recifolindense_collective_noun:0 "Recifolindenses"
potibacaguara:0 "Potibacaguara"
potibacaguara_collective_noun:0 "Potibacaguaras"
semuarense:0 "Semuarense"
semuarense_collective_noun:0 "Semuarenses"
piauiense:0 "Piauiense"
piauiense_collective_noun:0 "Piauienses"
franciscano:0 "Franciscano"
franciscano_collective_noun:0 "Franciscanos"
barreirano:0 "Barreirano"
barreirano_collective_noun:0 "Barreiranos"
alagoano:0 "Alagoano"
alagoano_collective_noun:0 "Alagoanos"
ludovicense:0 "Ludovicense"
ludovicense_collective_noun:0 "Ludovicenses"
pernambucano:0 "Pernambucano"
pernambucano_collective_noun:0 "Pernambucanos"
seridoense:0 "Seridoense"
seridoense_collective_noun:0 "Seridoenses"
borboremense:0 "Borboremense"
borboremense_collective_noun:0 "Borboremenses"
parnaibano:0 "Parnaibano"
parnaibano_collective_noun:0 "Parnaibanos"
pankararu:0 "Pankararu"
pankararu_collective_noun:0 "Pankararu"
xukuru:0 "Xukuru"
xukuru_collective_noun:0 "Xukuru"
potiguara:0 "Potiguara"
potiguara_collective_noun:0 "Potiguara"

#Estino
estino_group:0 "Estino"
estino_group_collective_noun:0 "Estinos"
reconcavano:0 "Reconcavano"
reconcavano_collective_noun:0 "Reconcavanos"
ilheense:0 "Ilheense"
ilheense_collective_noun:0 "Ilheenses"
geralista:0 "Geralista"
geralista_collective_noun:0 "Geralistas"
pataxo:0 "Pataxó"
pataxo_collective_noun:0 "Pataxós"
chapadeiro:0 "Chapadeiro"
chapadeiro_collective_noun:0 "Chapadeiros"
agrestino:0 "Agrestino"
agrestino_collective_noun:0 "Agrestinos"
sergipano:0 "Sergipano"
sergipano_collective_noun:0 "Sergipanos"
calon:0 "Calón"
calon_collective_noun:0 "Calós"
tupinamba:0 "Tupinambá"
tupinamba_collective_noun:0 "Tupinambás"

#Sudestino
sudestino_group:0 "Sudestino"
sudestino_collective_noun:0 "Sudestinos"
paulistano:0 "Paulistano"
paulistano_collective_noun:0 "Paulistanos"
paulista:0 "Paulista"
paulista_collective_noun:0 "Paulistas"
caipira:0 "Caipira"
caipira_collective_noun:0 "Caipiras"
burajirujin:0 "Burajirujin"
burajirujin_collective_noun:0 "Burajirujin"
caicara:0 "Caiçara"
caicara_collective_noun:0 "Caiçaras"
carioca:0 "Carioca"
carioca_collective_noun:0 "Cariocas"
fluminense:0 "Fluminense"
fluminense_collective_noun:0 "Fluminenses"
capixaba:0 "Capixaba"
capixaba_collective_noun:0 "Capixabas"
mineiro:0 "Mineiro"
mineiro_collective_noun:0 "Mineiros"
capiau:0 "Capiau"
capiau_collective_noun:0 "Capiau"

#Xingu
xingu_group:0 "Xingu"
xingu_group_collective_noun:0 "Xingu"
kaapor:0 "Kaapor"
kaapor_collective_noun:0 "Kaapor"
guajajara:0 "Guajajara"
guajajara_collective_noun:0 "Guajajara"
guajajara_history_loc:0 "Also known as Tenetehara"
apinaje:0 "Apinaje"
apinaje_collective_noun:0 "Apinaje"
apinaje_history_loc:0 "Also known as Timbira"
kraho:0 "Kraho"
kraho_collective_noun:0 "Kraho"
xambioa:0 "Xambioa"
xambioa_collective_noun:0 "Xambioa"
xambioa_history_loc:0 "Also known as Ixybiowa or Iny"
kayapo:0 "Kayapo"
kayapo_collective_noun:0 "Kayapo"
kayapo_history_loc:0 "Also known as Mebêngôkre"
xerente:0 "Xerente"
xerente_collective_noun:0 "Xerente"
xerente_history_loc:0 "Also known as Akwê"
xavante:0 "Xavante"
xavante_collective_noun:0 "Xavante"
xavante_history_loc:0 "Also known as A'uwẽ or Uptabi"
tapirape:0 "Tapirape"
tapirape_collective_noun:0 "Tapirape"
xakriaba:0 "Xakriabá"
xakriaba_collective_noun:0 "Xakriabá"

#Sulista
sulista_group:0 "Sulista"
sulista_group_collective_noun:0 "Sulistas"
gauderio:0 "Gaudério"
gauderio_collective_noun:0 "Gaudérios"
barriga_verde:0 "Barriga-Verde"
barriga_verde_collective_noun:0 "Barrigas-Verdes"
paranaense:0 "Paranaense"
paranaense_collective_noun:0 "Paranaenses"
ruteno:0 "Ruteno"
ruteno_collective_noun:0 "Rutenos"
talian:0 "Talian"
talian_collective_noun:0 "Talians"
hunsrickisch:0 "Hunsrickisch"
hunsrickisch_collective_noun:0 "Hunsrickisch"
guacho:0 "Interiano"
guacho_collective_noun:0 "Interianos"
piatolino:0 "Piatolino"
piatolino_collective_noun:0 "Piatolinos"
yguazuano:0 "Yguazuano"
yguazuano_collective_noun:0 "Yguazuanos"

#Centrestino
centrestino_group:0 "Centrestino"
centrestino_group_collective_noun:0 "Centrestinos"
goiano:0 "Goiano"
goiano_collective_noun:0 "Goianos"
candango:0 "Candango"
candango_collective_noun:0 "Candangos"
maracaju:0 "Maracaju"
maracaju_collective_noun:0 "Maracaju"
terena:0 "Terena"
terena_collective_noun:0 "Terena"
matogrossense:0 "Matogrossense"
matogrossense_collective_noun:0 "Matogrossenses"
tocantinense:0 "Tocantinense"
tocantinense_collective_noun:0 "Tocantinenses"
veredista:0 "Veredista"
veredista_collective_noun:0 "Veredistas"

#Chacoan
chacoan_group:0 "Chacoan"
chacoan_group_collective_noun:0 "Chacoans"
kadiweu:0 "Kadiweu"
kadiweu_collective_noun:0 "Kadiweu"
kadiweu_history_loc:0 "Also known as Mbayá-Guaikurú"
qom:0 "Qom"
qom_collective_noun:0 "Qom"
ayoreo_history_loc:0 "Also known as Toba"
ayoreo:0 "Ayoreo"
ayoreo_collective_noun:0 "Ayoreos"
ayoreo_history_loc:0 "Also known as Guarañoca"
mascoy:0 "Mascoy"
mascoy_collective_noun:0 "Mascoy"
wichi:0 "Wichi"
wichi_collective_noun:0 "Wichis"
nivacle:0 "Nivaclé"
nivacle_collective_noun:0 "Nivaclé"
nivacle_history_loc:0 "Also known as Chulupí"
yungano:0 "Yungano"
yungano_collective_noun:0 "Yunganos"

#Chileno
chileno_group:0 "Chileno"
chileno_group_collective_noun:0 "Chilenos"
chilote:0 "Laguino"
chilote_collective_noun:0 "Laguinos"
huaso:0 "Huaso"
huaso_collective_noun:0 "Huasos"
delcentro:0 "Delcentro"
delcentro_collective_noun:0 "Delcentrinos"
atacameno:0 "Atacameño"
atacameno_collective_noun:0 "Atacameños"
atacameno_history_loc:0 "Also known as Lickan-antay"
almagreno:0 "Almagreño"
almagreno_collective_noun:0 "Almagreños"

# Mapuche
reifunche:0 "Reifünche"
reifunche_collective_noun:0 "Reifünche"
pewenche:0 "Pewenche"
pewenche_collective_noun:0 "Pewenche"
puelche:0 "Puelche"
puelche_collective_noun:0 "Puelche"

#Guarani
guarani_group:0 "Guarani"
guarani_group_collective_noun:0 "Guarani"
yopara:0 "Yopara"
yopara_collective_noun:0 "Yoparas"
kaiowa:0 "Kaiowá"
kaiowa_collective_noun:0 "Kaiowá"
kaiowa_history_loc:0 "Also known as Pai-Tavyterã"
nhandeva:0 "Nhandeva"
nhandeva_collective_noun:0 "Nhandeva"
nhandeva_history_loc:0 "Also known as Avá Katú Eté"
mbya:0 "Mbya"
mbya_collective_noun:0 "Mbya"
mbya_history_loc:0 "Also known as Nhandeva"
kaingang:0 "Kaingang"
kaingang_collective_noun:0 "Kaingang"
kaingang_history_loc: "Also known as Kanhgág or Camés"
xokleng:0 "Xokleng"
xokleng_collective_noun:0 "Xokleng"
xokleng_history_loc: "Also known as Laklãnõ"


#Patagon
patagon_group:0 "Patagon"
patagon_group_collective_noun:0 "Patagones"
desertico:0 "Desértico"
desertico_collective_noun:0 "Desérticos"
santacruceno:0 "Santacruceño"
santacruceno_collective_noun:0 "Santacruceños"
australino:0 "Magallánico"
australino_collective_noun:0 "Magallánicos"

#Interiorano
interiorano_group:0 "Interiorano"
interiorano_collective_noun:0 "Interioranos"
cordobes:0 "Cordobés"
cordobes_collective_noun:0 "Cordobeses"
turco:0 "Turco"
turco_collective_noun:0 "Turcos"
chaqueno:0 "Chaqueño"
chaqueno_collective_noun:0 "Chaqueños"
tucu:0 "Tucu"
tucu_collective_noun:0 "Tucus"
cuyano:0 "Cuyano"
cuyano_collective_noun:0 "Cuyanos"

#Ameroaustral
ameroaustral_group:0 "Ameroaustral"
ameroaustral_group_collective_noun:0 "Ameroaustrals"
aonikenk:0 "Aonikenk"
aonikenk_collective_noun:0 "Aonikenk"
aonikenk_history_loc:0 "Also known as Tehuelche"
kawesqar:0 "Kawesqar"
kawesqar_collective_noun:0 "Kawesqar"
selknam:0 "Selk'nam"
selknam_collective_noun:0 "Selk'nam"
aonikenk_history_loc:0 "Also known as Ona"
#Rioplatense
rioplatense_group:0 "Rioplatense"
rioplatense_group_collective_noun:0 "Rioplatenses"
yorugua:0 "Yorugua"
yorugua_collective_noun:0 "Yoruguas"
litoraleno:0 "Litoraleño"
litoraleno_collective_noun:0 "Litoraleños"
porteno:0 "Porteño"
porteno_collective_noun:0 "Porteños"
pampeano:0 "Pampeano"
pampeano_collective_noun:0 "Pampeanos"

#Overseas Cultures - NOT IMPLEMENTED YET
hawaiian:0 "Hawaiian"
hawaiian_collective_noun:0 "Hawaiians"
icelander:0 "Icelander"
icelander_collective_noun:0 "Icelander"
faroese:0 "Faroese"
faroese_collective_noun:0 "Faroese"
irish_modern:0 "Irish"
irish_modern_collective_noun:0 "Irish"
basque_modern:0 "Basque"
basque_modern_collective_noun:0 "Basques"
moroccan:0 "Moroccans"
moroccan_collective_noun:0 "Moroccans"
shilha:0 "Shilha"
shilha_collective_noun:0 "Shilha"
kamchatkan:0 "Kamchatkans"
kamchatkan_collective_noun:0 "Kamchatkans"
vladivostokskyi:0 "Vladivostokskyi"
vladivostokskyi_collective_noun:0 "Vladivostokskyis"
rapanui:0 "Rapa Nui"
rapanui_collective_noun:0 "Rapa Nui"

#Pre Event Dead Cultures
dead_pre_event_group:0 "Pre-[Concept('the_event_ate','Event')|E]"
ancient_portuguese:0 "Médio Português"
ancient_portuguese_collective_noun:0 "Médio Português"

#Bugfix Cultures
titularman:0 "Titular Manleyfolk"
titularman_collective_noun:0 "Titular Manleyfolk"
#
#:0 ""
#_collective_noun:0 ""

siarense:0 "Siarense"
siarense_collective_noun:0 "Siarense"
mawe:0 "Mawé"
mawe_collective_noun:0 "Mawé"
mawe_history_loc:0 "Also known as Sateré-Maué"
wuyjuyu:0 "Wuyjuyu"
wuyjuyu_collective_noun:0 "Wuyjuyu"
wuyjuyu_history_loc:0 "Also known as Mundukuru"
yaminawa:0 "Yaminawá"
yaminawa_collective_noun:0 "Yaminawá"